indicator,pearson_r,chi_p,chi_sig,wr_top25,wr_bot25,wr_diff,combined_score,top25_mean,bot25_mean
ex_ulcer_score,-0.11575371786881847,0.08988477847477556,False,0.17094017094017094,0.358974358974359,-0.18803418803418803,0.45818803224556326,46.6343136496878,22.63684589944192
ex_cmf,-0.12190539183221773,0.015329265404043432,True,0.1752136752136752,0.3247863247863248,-0.1495726495726496,0.45163095758657196,0.09652501430815315,-0.2659897838919236
ex_ulcer,0.06697603649978244,0.09790600579022041,False,0.358974358974359,0.17094017094017094,0.18803418803418803,0.44114835964021903,15.139070683965596,1.6828431751561015
ex_uo,-0.11047820872040036,0.015329265404043432,True,0.18803418803418803,0.3162393162393162,-0.1282051282051282,0.43110878555900967,58.12085223622234,35.236176955402264
ex_obv_norm,-0.044611116190260966,0.02267864214619735,True,0.21794871794871795,0.3418803418803419,-0.12393162393162394,0.40572504135851817,0.9191991916644611,-1.4108880084882018
ex_stoch_k,-0.0895252780115144,0.08988477847477556,False,0.20512820512820512,0.32051282051282054,-0.11538461538461542,0.39219984216871395,79.07752209018487,10.337373768334139
ex_williams_r,-0.08952527801151437,0.08988477847477556,False,0.20512820512820512,0.32051282051282054,-0.11538461538461542,0.39219984216871395,-20.922477909815132,-89.66262623166587
ex_tsi,-0.1008191357528996,0.12106810042172926,False,0.25213675213675213,0.3717948717948718,-0.11965811965811968,0.38965180632584684,16.5619659136973,-29.177629165845627
ex_tsi_score,-0.10069708556235647,0.12106810042172926,False,0.25213675213675213,0.3717948717948718,-0.11965811965811968,0.38961519126868394,66.20567809067823,20.96506853762131
ex_roc_score,-0.082260849632329,0.006609490072066313,True,0.24358974358974358,0.3247863247863248,-0.08119658119658121,0.38765267282534377,78.40337062425941,16.52255483696006
ex_roc,-0.0802006589393441,0.006609490072066313,True,0.24358974358974358,0.3247863247863248,-0.08119658119658121,0.38703461561744834,16.973481385008405,-11.639664958285849
ex_ao,0.006678570067305044,0.046877472617508166,True,0.23931623931623933,0.358974358974359,-0.11965811965811965,0.3836668249614347,0.02582318232780292,-0.022882982993966815
ex_force_norm,-0.07419409460727822,0.0005723193171045647,True,0.2606837606837607,0.33760683760683763,-0.07692307692307693,0.3836249941255136,0.02615967692084627,-0.01306018194242534
ex_supertrend,-0.14031580330601004,0.1601384480032866,False,0.19230769230769232,0.2905982905982906,-0.0982905982905983,0.37268568522329565,0.4403167146599546,0.0022169994036336997
ex_dc_lower,-0.1385325795437919,0.12106810042172926,False,0.19658119658119658,0.2777777777777778,-0.08119658119658121,0.3701966086938838,0.4454371794871794,0.004269576923076924
ex_trix,-0.062457250309472606,0.12106810042172926,False,0.2564102564102564,0.358974358974359,-0.10256410256410259,0.3644680270176051,0.5576806568721233,-0.6117064755247139
ex_cci,-0.08510592969603968,0.06551821207305424,False,0.20512820512820512,0.2777777777777778,-0.07264957264957267,0.36399597340655376,141.26871231060213,-147.8636662778024
ex_trix_score,-0.058694650838801016,0.12106810042172926,False,0.2564102564102564,0.358974358974359,-0.10256410256410259,0.36333924717640365,75.4041900890958,12.062901773228395
ex_ad_norm,0.005884700443973973,0.02267864214619735,True,0.1581196581196581,0.24358974358974358,-0.08547008547008547,0.3633378858654014,-0.018227702044118905,-2.5049723147804563
ex_kc_lower,-0.1331083978173031,0.1601384480032866,False,0.19658119658119658,0.2777777777777778,-0.08119658119658121,0.3568482499014699,0.4798579843304843,0.0044503450854700855
ex_williams_score,0.0796971653769576,0.006028738447774832,True,0.3107569721115538,0.2697947214076246,0.04096225070392917,0.3548703286418981,70.0,46.80351906158358
ex_cmf_score,-0.11077828569804853,0.08471972397764727,False,0.2556237218813906,0.30855855855855857,-0.052934836677167973,0.35016543785785476,52.034764826175866,30.0
ex_vpt_slope_norm,-0.0650832662162116,0.046877472617508166,True,0.24358974358974358,0.29914529914529914,-0.05555555555555555,0.3499061825240554,0.0076419887481892984,-0.004191559208953048
ex_kc_upper,-0.12037783780867972,0.20806421057759594,False,0.19230769230769232,0.2863247863247863,-0.09401709401709399,0.34890776338300034,0.5374877991452992,0.004831632122507123
ex_kc_mid,-0.12693357381965675,0.20806421057759594,False,0.19658119658119658,0.28205128205128205,-0.08547008547008547,0.3440368773486866,0.5086160541310543,0.004641740598290599
ex_kst,-0.06485674381864966,0.12106810042172926,False,0.28205128205128205,0.3547008547008547,-0.07264957264957267,0.34125625113873426,183.96335839724134,-126.397785060063
ex_dc_mid,-0.12491339570646472,0.2320666714142418,False,0.19658119658119658,0.2863247863247863,-0.08974358974358973,0.33964888908253865,0.523459188034188,0.004696598290598291
ex_dc_upper,-0.10772312130673653,0.21646437748311761,False,0.19658119658119658,0.2863247863247863,-0.08974358974358973,0.33917249494195745,0.6024769230769231,0.005120700854700854
ex_kc_score,-0.08216672383236451,0.16390532389144935,False,0.24050632911392406,0.3170731707317073,-0.07656684161778327,0.3367318932765011,60.35443037974684,35.0
ex_cci_score,0.06628149400607061,0.0032008320349603417,True,0.30051150895140666,0.2793914246196404,0.021120084331766265,0.33582026605674603,53.05626598465473,47.41355463347165
ex_aroon_down,0.055213489255758266,0.0878752131893265,False,0.29615384615384616,0.251063829787234,0.04509001636661214,0.3262734959132192,93.9076923076923,6.195744680851064
ex_supertrend_distance_pct,-0.028890477603679673,0.07173582184427377,False,0.3034188034188034,0.2606837606837607,0.042735042735042694,0.32133443091585595,1037466908698.5957,-8.736361400951887
ex_vortex_minus,0.054600977855800516,0.17266470184138905,False,0.28936170212765955,0.2264957264957265,0.06286597563193305,0.3148736633098699,1.2162573270139558,0.8343742318381061
ex_kst_signal,-0.06138005614888945,0.1601384480032866,False,0.29914529914529914,0.3504273504273504,-0.051282051282051266,0.31139812346932183,171.17053534911565,-124.86187580719408
ex_vortex_plus,-0.05172957563866007,0.20806421057759594,False,0.21367521367521367,0.2863247863247863,-0.07264957264957264,0.31121926763797736,1.143712053852095,0.8074151895345273
ex_minus_di,0.0399292252340884,0.2835890363521179,False,0.3076923076923077,0.23076923076923078,0.07692307692307693,0.2884405182030527,29.76686424703854,11.225237144040005
ex_stoch_d,-0.07768397731117295,0.333290907481534,False,0.20085470085470086,0.2777777777777778,-0.07692307692307693,0.28485638248735323,76.3419048367969,12.8938897470353
ex_psar,-0.10686684095342255,0.4111869751648811,False,0.19230769230769232,0.2863247863247863,-0.09401709401709399,0.2839176349502376,0.5268194457552234,0.004696682949362591
ex_ad_slope_norm,-0.06087314543400607,0.4111869751648811,False,0.19658119658119658,0.2863247863247863,-0.08974358974358973,0.26670072287560925,0.04997102802994341,-0.09290831392474509
ex_obv_slope_norm,-0.02689343173745709,0.20806421057759594,False,0.25213675213675213,0.27350427350427353,-0.021367521367521403,0.2627427834419755,0.11889118360976704,-0.12980838197574732
ex_eom,-0.005020248304026736,0.20806421057759594,False,0.2606837606837607,0.28205128205128205,-0.021367521367521347,0.2561808284119463,6.289571084714579,-1.8073400621684006
ex_stoch_score,0.06668169528722906,0.34552041710151316,False,0.3107569721115538,0.2642857142857143,0.046471257825839496,0.2535253897163864,67.94820717131473,41.857142857142854
ex_uo_score,0.03454407321186699,0.2155267658304123,False,0.2838427947598253,0.28052805280528054,0.0033147419545447865,0.24835698577807222,50.52401746724891,49.625962596259626
ex_mfi_score,-0.003949573393578985,0.22986833776178617,False,0.28760529482551145,0.2864321608040201,0.0011731340214913288,0.2331628779067309,52.37063778580024,48.07788944723618
ex_kst_score,-0.036835038004072104,0.3687461123826239,False,0.2668067226890756,0.29605263157894735,-0.02924590888987172,0.22382340479833185,67.2373949579832,35.0
ex_kst_crossover,-0.03181168835441178,0.3687461123826239,False,0.2668067226890756,0.29540481400437635,-0.028598091315300722,0.22179814584377697,1.0,0.0
ex_supertrend_bullish,-0.033190209484098926,0.35520185331834175,False,0.27309782608695654,0.2808145766345123,-0.007716750547555773,0.20956990728777178,1.0,0.7888531618435155
ex_supertrend_score,-0.033190209484098704,0.35520185331834175,False,0.27309782608695654,0.2808145766345123,-0.007716750547555773,0.20956990728777172,70.0,61.554126473740624
ex_ao_score,-0.034941202147418235,0.3984336316868059,False,0.26814516129032256,0.2713178294573643,-0.003172668167041759,0.1934904056718171,66.95564516129032,50.0
ex_adx,-0.05490682684487697,0.7004545113638543,False,0.2564102564102564,0.3247863247863248,-0.06837606837606841,0.16103654934516154,44.411366769774155,14.019357861889867
ex_aroon_up,0.0050612286685367755,0.6630019591896705,False,0.2827868852459016,0.2720306513409962,0.010756233904905432,0.11122276796758422,88.24590163934427,1.946360153256705
ex_psar_above,0.014483432813973091,0.7121822953473895,False,0.286527514231499,0.2733990147783251,0.013128499453173903,0.10119314080251418,1.0,0.0
ex_mass_index,-0.024561373330147872,0.7004545113638543,False,0.24358974358974358,0.24358974358974358,0.0,0.09723205858988808,27.47962665243076,22.62640086792908
ex_mfi,-0.00850079083318945,0.7004545113638543,False,0.2606837606837607,0.26495726495726496,-0.004273504273504258,0.09583268725960395,70.24021501909353,27.187308365978012
ex_ad_score,-0.08373381047880404,1.0,False,0.22910216718266255,0.3081967213114754,-0.07909455412881286,0.0883957864466915,65.0,35.0
ex_stochrsi_score,0.0012216453366521273,0.7952903681529258,False,0.30847457627118646,0.275626423690205,0.03284815258098145,0.08805790521990307,68.32203389830508,35.68337129840547
ex_force_positive,-0.06977292779656878,1.0,False,0.2457831325301205,0.3088803088803089,-0.06309717635018838,0.07140961941912134,1.0,0.0
ex_force_score,-0.06977292779656867,1.0,False,0.2457831325301205,0.3088803088803089,-0.06309717635018838,0.07140961941912131,65.0,35.0
ex_cmf_positive,-0.13460543759444799,1.0,False,0.2808145766345123,0.3157142857142857,-0.03489970907977341,0.06830139854215311,0.2497320471596999,0.0
ex_adx_score,-0.023770539078484643,0.8707855610709718,False,0.26732673267326734,0.28688524590163933,-0.019558513228371988,0.06154230398495143,71.56765676567657,38.52459016393443
ex_ao_positive,-0.057178311524716474,1.0,False,0.24932975871313673,0.30178571428571427,-0.05245595557257754,0.05911825791547698,1.0,0.0
ex_adx_weak,0.05518430231104892,1.0,False,0.3148148148148148,0.2627257799671593,0.052089034847655535,0.05822651857143911,1.0,0.0
ex_obv_score,-0.05355245911003815,1.0,False,0.2546728971962617,0.30297029702970296,-0.04829739983344128,0.05470365759976446,65.0,35.0
ex_roc_positive,-0.05296842481236898,1.0,False,0.2536945812807882,0.301707779886148,-0.0480131986053598,0.05430108632799853,1.0,0.0
ex_plus_di,-0.0010356584346011579,0.8429727083717367,False,0.26495726495726496,0.2564102564102564,0.008547008547008572,0.05425649185646621,30.99356809856977,10.946468389167169
ex_kc_breakout_below,0.04828029150837181,1.0,False,0.3170731707317073,0.2678311499272198,0.04924202080448753,0.05387770409610157,1.0,0.0
ex_stochrsi_k,-0.016695972554417633,0.9582158616163736,False,0.28205128205128205,0.3247863247863248,-0.04273504273504275,0.051732067469447404,94.0251175967143,2.821844353453471
ex_aroon_crossover,-0.04978470796316935,1.0,False,0.25598086124401914,0.30097087378640774,-0.0449900125423886,0.05092742242286169,1.0,0.0
ex_tsi_positive,-0.047095701315241253,1.0,False,0.2535612535612536,0.2972508591065292,-0.04368960554527562,0.04908039483079288,1.0,0.0
ex_vpt_norm,-0.008706347192886472,0.9582158616163736,False,0.2905982905982906,0.32905982905982906,-0.038461538461538436,0.0459163764421846,0.2048379365241625,-0.027814622565916776
ex_cci_overbought,-0.09974318533672177,1.0,False,0.2808145766345123,0.30051150895140666,-0.019696932316894344,0.04568050145453201,0.16184351554126475,0.0
ex_stochrsi_crossover,-0.044539687967026245,1.0,False,0.25925925925925924,0.2994011976047904,-0.04014193834553115,0.04547545706653279,1.0,0.0
ex_williams_oversold,0.04042043226162368,1.0,False,0.3107569721115538,0.2697947214076246,0.04096225070392917,0.044895930241630445,1.0,0.0
ex_stoch_oversold,0.04042043226162368,1.0,False,0.3107569721115538,0.2697947214076246,0.04096225070392917,0.044895930241630445,1.0,0.0
ex_stoch_overbought,-0.09361948662194512,1.0,False,0.2808145766345123,0.2961165048543689,-0.015301928219856598,0.04032738856246881,0.11682743837084673,0.0
ex_williams_overbought,-0.09361948662194512,1.0,False,0.2808145766345123,0.2961165048543689,-0.015301928219856598,0.04032738856246881,0.11682743837084673,0.0
ex_vpt_score,-0.03898515796842644,1.0,False,0.2620689655172414,0.2971887550200803,-0.035119789502838894,0.03979137899279905,65.0,35.0
ex_stoch_crossover,-0.035956838243439135,1.0,False,0.26303317535545023,0.29549902152641877,-0.03246584617096854,0.03675972840980657,1.0,0.0
ex_kc_breakout_above,-0.0772081105114402,1.0,False,0.2808145766345123,0.29545454545454547,-0.014639968820033156,0.034874408209458585,0.15112540192926044,0.0
ex_stochrsi_d,0.002102420600666958,0.9582158616163736,False,0.2564102564102564,0.2777777777777778,-0.021367521367521403,0.030259984789305125,86.53228662026605,9.474234539072123
ex_eom_score,-0.02808494095549087,1.0,False,0.2672811059907834,0.2925851703406814,-0.02530406434989796,0.028668733766565632,60.0,40.0
ex_eom_positive,-0.02808494095549082,1.0,False,0.2672811059907834,0.2925851703406814,-0.02530406434989796,0.028668733766565615,1.0,0.0
ex_vortex_score,-0.02333657212132036,1.0,False,0.26370757180156656,0.2865979381443299,-0.022890366342763313,0.02531326471060676,70.0,35.0
ex_mass_reversal,-0.06094870558815387,1.0,False,0.2808145766345123,0.2895981087470449,-0.008783532112532577,0.025311437366472223,0.0932475884244373,0.0
ex_mass_score,-0.05564934151301838,1.0,False,0.2808145766345123,0.2893081761006289,-0.008493599466116608,0.023489682026798804,51.20578778135048,50.0
ex_aroon_score,-0.01139006243665434,1.0,False,0.25598086124401914,0.2803738317757009,-0.024392970531681768,0.022931395156341718,62.39234449760765,35.0
ex_trix_positive,-0.019736758394490437,1.0,False,0.2693409742120344,0.2876712328767123,-0.018330258664677912,0.02058523445008946,1.0,0.0
ex_ao_saucer,-0.044294046181559736,1.0,False,0.2808145766345123,0.2849162011173184,-0.004101624482806099,0.0165695134407128,0.04072883172561629,0.0
ex_psar_bullish_trend,-0.014483432813973103,1.0,False,0.2733990147783251,0.286527514231499,-0.013128499453173903,0.014847829406731055,1.0,0.0
ex_psar_below,-0.014483432813973103,1.0,False,0.2733990147783251,0.286527514231499,-0.013128499453173903,0.014847829406731055,1.0,0.0
ex_psar_score,-0.014483432813972954,1.0,False,0.2733990147783251,0.286527514231499,-0.013128499453173903,0.01484782940673101,70.0,30.0
ex_adx_strong,-0.012760751248211816,1.0,False,0.2744630071599045,0.28599221789883267,-0.011529210738928153,0.013051593965606068,1.0,0.0
ex_mfi_oversold,-0.0262858266265718,1.0,False,0.2808145766345123,0.28331466965285557,-0.0025000930183432524,0.009885822402646141,0.04287245444801715,0.0
ex_cci_oversold,0.005875983008559488,1.0,False,0.2808145766345123,0.2793914246196404,0.0014231520148719201,0.0029013165144653823,0.22508038585209003,0.0
ex_mfi_overbought,-0.006970913440036396,1.0,False,0.2808145766345123,0.2814238042269188,-0.0006092275924065027,0.002578656105936121,0.03644158628081458,0.0
ex_uo_oversold,0.00392379948083833,1.0,False,0.2808145766345123,0.28052805280528054,0.00028652382923177733,0.0014063589076369206,0.02572347266881029,0.0
