feature,pearson,top_wr,bot_wr,wr_diff,score
ind_atr_pct,0.1501314171807118,0.2823529411764706,0.06470588235294118,0.21764705882352942,0.19064080216640236
struct_range_pct,0.15019868496804464,0.2901960784313726,0.09411764705882353,0.19607843137254904,0.1777265328107473
ind_bb_width_pct,0.1411691036635315,0.27450980392156865,0.12549019607843137,0.14901960784313728,0.14587940617129497
ex_ex_ulcer_score,-0.12187748542782416,0.11372549019607843,0.25098039215686274,-0.13725490196078433,0.13110393534760026
ex_ex_ulcer,0.09917371398237268,0.25098039215686274,0.11372549019607843,0.13725490196078433,0.12202242676941966
ind_bb_lower,-0.09394138680584221,0.13137254901960785,0.26666666666666666,-0.13529411764705881,0.11875302531057216
ex_ex_dc_lower,-0.09343364941697298,0.13026819923371646,0.2653846153846154,-0.13511641615089892,0.11844330945732853
ind_bb_mid,-0.08784510155986197,0.13333333333333333,0.2568627450980392,-0.12352941176470586,0.1092556876827683
ex_ex_kc_mid,-0.08780250492172123,0.13333333333333333,0.2568627450980392,-0.12352941176470586,0.10923864902751201
ex_ex_kc_lower,-0.09097233797921529,0.13333333333333333,0.2529411764705882,-0.1196078431372549,0.10815364107403905
ex_ex_cmf_positive,-0.11495656159098282,0.1174496644295302,0.21606648199445982,-0.09861681756492963,0.10515271517535091
ex_ex_kc_upper,-0.08459151422796887,0.1411764705882353,0.25882352941176473,-0.11764705882352944,0.10442484098530522
tech_ema20,-0.08696875674264447,0.1411764705882353,0.2568627450980392,-0.1156862745098039,0.10419926740294014
tech_ema50,-0.08650871495577309,0.13725490196078433,0.2529411764705882,-0.1156862745098039,0.10401525068819158
ind_vwap,-0.0856933531519489,0.14313725490196078,0.25882352941176473,-0.11568627450980395,0.10368910596666192
ex_ex_dc_mid,-0.08567649981337491,0.1450980392156863,0.2607843137254902,-0.11568627450980393,0.10368236463123232
ex_ex_supertrend,-0.08409931077633187,0.14901960784313725,0.2647058823529412,-0.11568627450980393,0.1030514890164151
ex_ex_psar,-0.08624088251577984,0.15098039215686274,0.2627450980392157,-0.11176470588235296,0.10155517653572371
ex_ex_cmf_score,-0.09726589470369039,0.1174496644295302,0.220162224797219,-0.1027125603676888,0.10053389410208943
ex_ex_aroon_down,0.0979031604694151,0.2441860465116279,0.14807692307692308,0.09610912343470482,0.09682673824858892
tech_ema100,-0.07681787615930183,0.12156862745098039,0.23076923076923078,-0.10920060331825039,0.09624751245467097
ind_bb_upper,-0.08112394591964057,0.14313725490196078,0.24901960784313726,-0.10588235294117648,0.09597899013256211
tech_technical_score,0.08123936760183871,0.23921568627450981,0.1392156862745098,0.1,0.09249574704073549
ex_ex_dc_upper,-0.07757124255831675,0.15655577299412915,0.25048923679060664,-0.09393346379647749,0.08738857530121319
ex_ex_cmf,-0.09164150681318194,0.10980392156862745,0.19411764705882353,-0.08431372549019608,0.08724483801939042
ex_ex_plus_di,0.08898334015586028,0.24509803921568626,0.1803921568627451,0.06470588235294117,0.0744168654741088
ex_ex_vpt_slope_norm,0.08708386063849179,0.28627450980392155,0.22549019607843138,0.060784313725490174,0.07130413249069081
struct_in_range,-0.1409368246361717,0.18725490196078431,0.20441097364174288,-0.017156071680958562,0.0666683728630438
ex_ex_adx_strong,0.07352699254491306,0.22031963470319635,0.16237113402061856,0.057948500682577786,0.0641798974275119
ex_ex_uo,-0.06123128158390555,0.1568627450980392,0.21568627450980393,-0.05882352941176472,0.05978663028062105
tech_macd_score,0.07269728347849894,0.20262096774193547,0.15248618784530388,0.05013477989663159,0.05915978132937853
ex_ex_adx,0.04665379546059657,0.22156862745098038,0.1568627450980392,0.06470588235294117,0.05748504759600333
ex_ex_mass_index,0.08121091377108458,0.22156862745098038,0.18235294117647058,0.0392156862745098,0.05601377727313971
candle_last_body_ratio,0.04747198433766579,0.22549019607843138,0.16470588235294117,0.0607843137254902,0.05545938197036044
ex_ex_adx_score,0.05053476547011219,0.23026315789473684,0.17183570829840739,0.05842744959632945,0.05527037594584255
ex_ex_psar_above,-0.062052304773167186,0.1656387665198238,0.2143646408839779,-0.048725874364154126,0.05405644652775935
ex_ex_psar_below,0.062052304773167186,0.2143646408839779,0.1656387665198238,0.048725874364154126,0.05405644652775935
ind_rvol_score,0.06710992376105256,0.22549019607843138,0.1803921568627451,0.04509803921568628,0.05390279303383279
ex_ex_obv_score,-0.060938979091436654,0.16375968992248063,0.2113095238095238,-0.047549833887043175,0.052905491968800566
ex_ex_psar_bullish_trend,0.060003453372932315,0.21349557522123894,0.16637323943661972,0.04712233578461922,0.05227478281994446
ex_ex_psar_score,0.060003453372932274,0.21349557522123894,0.16637323943661972,0.04712233578461922,0.05227478281994444
ex_ex_force_norm,0.07642831690967525,0.24705882352941178,0.21568627450980393,0.03137254901960784,0.049394856175634806
ind_atr_score,0.1001281219934425,0.18725490196078431,0.17736045905059988,0.009894442910184431,0.04598791454348766
ind_atr_expanding,0.10012812199344176,0.18725490196078431,0.17736045905059988,0.009894442910184431,0.045987914543487364
ind_sustained,0.050363590536361726,0.21243523316062177,0.1719242902208202,0.040510942939801564,0.04445200197842562
ex_ex_mass_reversal,0.09105626451009549,0.18725490196078431,0.17554347826086958,0.011711423699914736,0.04344936002398704
tech_macd_hist,0.0454158307129387,0.21568627450980393,0.17450980392156862,0.041176470588235314,0.04287221463811667
ex_ex_ad_slope_norm,-0.05151636127836711,0.16666666666666666,0.2019607843137255,-0.03529411764705884,0.04178301509958214
ex_ex_stochrsi_crossover,-0.04805814521895788,0.167192429022082,0.20477502295684114,-0.03758259393475913,0.04177281444843863
ex_ex_mass_score,0.08681109707442305,0.18725490196078431,0.17574396406513196,0.011510937895652357,0.04163100156716064
ind_atr,0.08192008022835985,0.2372549019607843,0.2235294117647059,0.01372549019607841,0.041003326208990984
ex_ex_aroon_up,0.033699130275293664,0.22545454545454546,0.18045112781954886,0.0450034176349966,0.04048170269111542
ind_rvol,0.03450734828967957,0.2237354085603113,0.18003913894324852,0.04369626961706277,0.040020701086109486
ex_ex_obv_norm,0.03339935825633319,0.19019607843137254,0.14901960784313725,0.04117647058823529,0.038065625655474444
ex_ex_eom,0.04888474451506313,0.18823529411764706,0.1588235294117647,0.02941176470588236,0.037200956629554666
ind_volume_spike,0.07824704738343366,0.18725490196078431,0.1790966386554622,0.008158263305322128,0.03619377693656674
ex_ex_ad_norm,-0.011572777911255331,0.13529411764705881,0.18627450980392157,-0.05098039215686276,0.035217346458619785
ex_ex_ad_score,-0.03888957083734789,0.16775032509752927,0.1990558615263572,-0.03130553642882794,0.03433915019223592
tech_pattern_score,-0.03463487946309314,0.16567164179104477,0.19962335216572505,-0.03395171037468028,0.034224978010045426
ex_ex_kst_signal,0.04935700956834222,0.22156862745098038,0.24509803921568626,-0.023529411764705882,0.033860450886160416
ex_ex_kst,0.07223387094630748,0.22941176470588234,0.2372549019607843,-0.00784313725490196,0.033599430731464174
ind_volume_continuity,0.043470971053684894,0.21243523316062177,0.18711656441717792,0.02531866874344385,0.032579589667540265
ind_momentum_12_pct,0.06232886181169411,0.24313725490196078,0.23137254901960785,0.011764705882352927,0.0319903682540894
ex_ex_roc,0.06232886181169411,0.24313725490196078,0.23137254901960785,0.011764705882352927,0.0319903682540894
struct_bos_down,0.06105210786658175,0.18725490196078431,0.1776765375854214,0.009578364375362913,0.030167861771850452
ex_ex_supertrend_distance_pct,0.07510650253643461,0.25882352941176473,0.25882352941176473,0.0,0.030042601014573844
ex_ex_minus_di,-0.03680412405197012,0.18823529411764706,0.21372549019607842,-0.025490196078431365,0.03001576726784687
ex_ex_adx_weak,-0.033646164175252874,0.17018469656992086,0.19734789391575663,-0.027163197345835777,0.029756384077602616
ex_ex_vpt_score,0.03367502050433667,0.199812382739212,0.1735112936344969,0.026301089104715097,0.029250661664563728
ex_ex_aroon_crossover,-0.03323208598937659,0.17547000895255147,0.20151679306608883,-0.026046784113537363,0.028920904863873054
struct_structure_score,0.015104664362325314,0.17777777777777778,0.21568627450980393,-0.03790849673202615,0.028786963784145813
ex_ex_kc_breakout_above,0.05214637844494555,0.18725490196078431,0.17708333333333334,0.010171568627450972,0.026961492554448803
ex_ex_kc_breakout_below,0.05073797469527453,0.18725490196078431,0.176875,0.01037990196078431,0.026523131054580398
ind_vwap_score,-0.01776152511961494,0.21764705882352942,0.24901960784313726,-0.03137254901960784,0.02592813945961068
ex_ex_roc_positive,0.029688324054266663,0.19938335046248715,0.17619493908153702,0.023188411380950125,0.02578837645027674
struct_bos_up,0.051729502038673644,0.18725490196078431,0.1787773933102653,0.008477508650519022,0.025778306005780873
ind_momentum_6_pct,0.039055449466818,0.2235294117647059,0.23921568627450981,-0.01568627450980392,0.025033944492609553
tech_macd_signal,-0.018131367092406155,0.18823529411764706,0.21764705882352942,-0.02941176470588236,0.024899605660491878
tech_rsi_score,0.041520606263032445,0.1798298906439854,0.1662387676508344,0.013591122993151017,0.02476291630110359
ind_momentum_1_pct,0.008645561823921554,0.21568627450980393,0.25098039215686274,-0.03529411764705881,0.024634695317803906
ex_ex_trix,0.05126164269492547,0.2372549019607843,0.24313725490196078,-0.0058823529411764774,0.024034068842676073
struct_lower_lows,-0.04525687272359782,0.18725490196078431,0.1957703927492447,-0.008515490788460395,0.023212043562515362
ex_ex_vortex_score,0.026555454681419403,0.20147679324894516,0.18078512396694216,0.020691669282003,0.02303718344176956
ex_ex_mfi,0.036942621357907234,0.2019607843137255,0.18823529411764706,0.013725490196078438,0.023012342660809957
ex_ex_vpt_norm,0.02725142717040389,0.24313725490196078,0.2235294117647059,0.019607843137254888,0.02266527675051449
ex_ex_cci_overbought,0.04335474669106317,0.18725490196078431,0.1789409616555082,0.008313940305276102,0.02233026285959093
candle_bullish_close,-0.023818948934226904,0.17446808510638298,0.1940074906367041,-0.01953940553032113,0.021251222891883442
ex_ex_mfi_overbought,0.04706318369202777,0.18725490196078431,0.18326488706365504,0.003990014897129274,0.02121928241508867
ind_vwap_distance_pct,0.005853957232642892,0.21764705882352942,0.24901960784313726,-0.03137254901960784,0.021165112304821862
ex_ex_supertrend_score,0.023711096654381047,0.19662363455809334,0.1781219748305905,0.01850165972750284,0.020585434498254125
ex_ex_supertrend_bullish,0.023711096654380582,0.19662363455809334,0.1781219748305905,0.01850165972750284,0.020585434498253938
ex_ex_force_score,0.022342487889441195,0.1956521739130435,0.17820773930753564,0.017444434605507847,0.019403655919081185
ex_ex_force_positive,0.02234248788944073,0.1956521739130435,0.17820773930753564,0.017444434605507847,0.019403655919081
ex_ex_uo_score,0.04241532084904815,0.1892161757363954,0.1852417302798982,0.003974445456497194,0.019350795613517578
ex_ex_mfi_score,-0.03722028807492152,0.17660550458715596,0.18360471645143178,-0.006999211864275823,0.0190876423485341
ex_ex_aroon_score,-0.021427284024854654,0.21006944444444445,0.22617124394184168,-0.016101799497397234,0.018231993308380202
ind_momentum_3_pct,0.036030780127778245,0.23333333333333334,0.22745098039215686,0.0058823529411764774,0.017941723815817184
ex_ex_stoch_crossover,-0.01985159358478572,0.17908902691511386,0.1945996275605214,-0.015510600645407546,0.017246997821158815
ex_ex_ao_score,0.010787382772491253,0.20930232558139536,0.18888888888888888,0.020413436692506476,0.016563015124500386
struct_higher_highs,0.03216437365952902,0.18725490196078431,0.18160377358490565,0.005651128375878667,0.01625642648933881
ex_ex_cci_oversold,0.031081041653475854,0.18725490196078431,0.18097014925373134,0.006284752707052976,0.016203268285622126
ex_ex_ao_positive,0.018054788193090154,0.19441674975074777,0.18032786885245902,0.014088880898288747,0.01567524381620931
ind_bb_breakout_above,0.033487586874823894,0.18725490196078431,0.18364116094986807,0.0036137410109162438,0.015563279356479304
ex_ex_stoch_score,0.005369607398056585,0.17753623188405798,0.1987179487179487,-0.021181716833890724,0.014856873059557067
ex_ex_cci,0.02891276042617303,0.21568627450980393,0.21176470588235294,0.003921568627450994,0.013918045346939809
tech_ema_score,-0.012855513569112943,0.19066666666666668,0.20520673813169985,-0.014540071465033166,0.013866248306665076
candle_power_streak,0.029347041193936104,0.18725490196078431,0.18418201516793067,0.0030728867928536407,0.013582548553286626
ex_ex_roc_score,0.015437484357583624,0.24313725490196078,0.23137254901960785,0.011764705882352927,0.013233817272445207
ex_ex_vortex_minus,-0.018246469540257763,0.2019607843137255,0.21176470588235294,-0.009803921568627444,0.013180940757279571
ind_momentum_score,0.02343820264159479,0.22745098039215686,0.22156862745098038,0.0058823529411764774,0.012904692821343803
ex_ex_eom_score,0.014458258098845852,0.1934782608695652,0.18214285714285713,0.011335403726708076,0.012584545475563185
ex_ex_eom_positive,0.014458258098845525,0.1934782608695652,0.18214285714285713,0.011335403726708076,0.012584545475563057
ex_ex_uo_oversold,0.026414213334952898,0.18725490196078431,0.1852417302798982,0.0020131716808861055,0.011773588342512823
ex_ex_williams_r,0.001186654908900169,0.18627450980392157,0.20392156862745098,-0.017647058823529405,0.011062897257677711
ex_ex_stoch_k,0.001186654908900169,0.18627450980392157,0.20392156862745098,-0.017647058823529405,0.011062897257677711
ex_ex_stochrsi_score,-0.023693138773987744,0.19879518072289157,0.20021762785636563,-0.0014224471334740585,0.010330723789679534
candle_last_upper_wick,-0.004859348887645034,0.18199608610567514,0.16862745098039217,0.013368635125282968,0.009964920630227794
ex_ex_kc_score,0.0037557933830008805,0.1943866943866944,0.18089053803339517,0.013496156353299232,0.009600011165179891
ex_ex_tsi_positive,0.010663407685812656,0.1915983606557377,0.18327067669172933,0.008327683964008376,0.00926197345273009
ind_bb_squeeze,-0.010462692337975732,0.1827956989247312,0.19099099099099098,-0.008195292066259796,0.00910225217494617
ex_ex_stoch_oversold,0.01698823158347566,0.18725490196078431,0.18356867779204109,0.0036862241687432296,0.009007027134636202
ex_ex_williams_oversold,0.01698823158347566,0.18725490196078431,0.18356867779204109,0.0036862241687432296,0.009007027134636202
candle_big_wick_top,-0.009088152611621969,0.18130841121495328,0.1893687707641196,-0.008060359549166313,0.008471476774148575
ind_bb_breakout_below,0.017839010290552248,0.18725490196078431,0.18562564632885212,0.0016292556319321971,0.008113157495380217
ex_ex_cci_score,-0.016683653254408085,0.1789409616555082,0.18097014925373134,-0.0020291875982231256,0.00789097386069711
ex_ex_williams_score,0.013620653295139536,0.18760469011725292,0.18356867779204109,0.004036012325211835,0.007869868713182916
ex_ex_stochrsi_d,0.004391715878730966,0.19019607843137254,0.2,-0.009803921568627472,0.0076390392926688686
tech_macd_value,0.0042068819006262255,0.20784313725490197,0.21764705882352942,-0.009803921568627444,0.007565105701426956
ex_ex_stochrsi_k,0.008905018472567536,0.2,0.20588235294117646,-0.00588235294117645,0.007091419153732884
ex_ex_tsi,-0.003015330480164251,0.22156862745098038,0.23137254901960785,-0.009803921568627472,0.007088485133242183
ex_ex_kst_score,0.005931674101654228,0.21317157712305027,0.20623916811091855,0.006932409012131713,0.006532115047940719
struct_higher_lows,-0.012156617414319662,0.18725490196078431,0.1896551724137931,-0.0024002704530087793,0.006302809237533132
ex_ex_tsi_score,-0.00032465143444259477,0.22156862745098038,0.23137254901960785,-0.009803921568627472,0.0060122135149535206
ex_ex_vortex_plus,-0.006055437846404476,0.2019607843137255,0.20784313725490197,-0.0058823529411764774,0.005951586903267678
ex_ex_trix_score,-0.005881656085860604,0.2372549019607843,0.24313725490196078,-0.0058823529411764774,0.005882074199050128
ex_ex_stoch_d,-9.459054050527942e-05,0.19215686274509805,0.20156555772994128,-0.00940869498484323,0.00568305320710805
ex_ex_obv_slope_norm,0.011140750417198406,0.19411764705882353,0.19607843137254902,-0.0019607843137254832,0.005632770755114653
candle_candle_score,0.005405952726423228,0.1727447216890595,0.1784313725490196,-0.005686650859960118,0.005574371606545362
candle_candle_strength,-0.004844202040454148,0.18235294117647058,0.17647058823529413,0.00588235294117645,0.005467092580887529
ex_ex_kst_crossover,0.005358047463030414,0.18929254302103252,0.1851106639839034,0.004181879037129105,0.004652346407489629
ind_bb_score,0.0009425070803104507,0.18386108273748722,0.19038642789820923,-0.006525345160722007,0.004292209928557384
ind_momentum_acceleration,0.008496642820069159,0.2411764705882353,0.2411764705882353,0.0,0.003398657128027664
ex_ex_mfi_oversold,-0.007432278756611837,0.18725490196078431,0.18788501026694046,-0.0006301083061561463,0.0033509764863384225
struct_lower_highs,0.006041659246302007,0.18725490196078431,0.18608907870652838,0.0011658232542559321,0.0031161576510743624
tech_rsi_value,0.005603375841388054,0.21764705882352942,0.216796875,0.0008501838235294157,0.002751460630672871
ex_ex_ao_saucer,0.0061583633666448135,0.18725490196078431,0.18680203045685279,0.000452871503931529,0.002735068249016843
ex_ex_trix_positive,-0.002247358680810539,0.1863157894736842,0.18807339449541285,-0.001757605021728642,0.001953506485361401
ind_price_above_vwap,-0.0019758414945077224,0.18638392857142858,0.18793706293706294,-0.0015531343656343677,0.0017222172171837097
ex_ex_ao,0.003292501337067371,0.20980392156862746,0.20980392156862746,0.0,0.0013170005348269486
ex_ex_stoch_overbought,-0.002404691912655771,0.18725490196078431,0.18760469011725292,-0.0003497881564686056,0.0011717496589434718
ex_ex_williams_overbought,-0.002404691912655771,0.18725490196078431,0.18760469011725292,-0.0003497881564686056,0.0011717496589434718
