ts,symbol,close,ind_rvol,ind_atr_pct,ind_vwap_distance_pct,ind_bb_squeeze,ind_momentum_3_pct,ind_momentum_6_pct,f_rsi_value,f_rsi_divergence,f_macd_hist,f_macd_divergence,f_ema_alignment,f_rvol,f_volume_spike,f_vwap_distance_pct,f_price_above_vwap,f_atr_pct,f_atr_expanding,f_bb_squeeze,f_bb_breakout_above,f_momentum_1_pct,f_momentum_3_pct,f_momentum_6_pct,f_momentum_12_pct,f_momentum_acceleration,f_higher_highs,f_higher_lows,f_bos_up,f_in_range,f_candle_strength,f_big_wick_top,f_power_streak,f_mtf_alignment,f_btc_state,f_btc_momentum_12_pct,quality_ok,candles,btc_momentum_12_pct,btc_state,f_f_btc_corr_2d,f_f_btc_corr_4d,f_f_btc_corr_8d,f_f_btc_beta,f_f_btc_corr_change,f_f_independent_mover,f_f_sym_return_4h_pct,f_btc_corr_2d,f_btc_corr_4d,f_btc_corr_8d,f_btc_beta,f_btc_corr_change,f_independent_mover,f_sym_return_4h_pct,f_a_wave_score,f_a_wave_elliott_score,f_a_hurst,f_a_wave3_ext,f_a_wave2_retrace,f_a_is_uptrend,f_a_fib_distance_pct,f_a_fib_score,f_a_fib_ext_1_618,f_a_fib_ext_2_618,f_a_fib_dist_0.382,f_a_fib_dist_0.500,f_a_fib_dist_0.618,f_a_fib_dist_0.786,f_a_ichi_thickness_pct,f_a_ichi_score,f_a_ichi_above_cloud,f_a_ichi_below_cloud,f_a_ichi_in_cloud,f_a_wave,f_a_wave_position,f_a_fib_direction,f_a_fib_closest,f_a_ichi_price_vs_cloud,f_a_ichi_cloud_color,f_a_ichi_tk_cross,has_microstructure,f_m_obi_10,f_m_spread_pct,f_m_obi_bullish,f_m_obi_bearish,f_m_whale_count,f_m_whale_score,f_m_whale_accumulated,f_m_whale_buy_sell_ratio,f_m_cvd,f_m_cvd_trend,f_m_oi_change_4h_pct,f_m_oi_rising,f_m_oi_source,f_m_funding_rate,f_m_funding_extreme,f_m_sweep,f_m_sweep_confidence,f_m_sweep_type_bullish,f_m_sweep_type_bearish,f_m_mexc_confirms,f_m_mexc_price_diff_pct,f_m_mexc_toobit_leads,f_m_5m_rvol,f_m_5m_trade_count,f_m_5m_volume_spike
2026-07-19T19:55:56.317476+00:00,MNTUSDT,0.4225,0.893,1.2991201398476144,-1.549839056991024,0,0.284832660811768,0.6671431975220321,50.0,0.0,0.0,0.0,0.0,0.893,0.0,-1.549839056991024,0.0,1.2991201398476144,0.0,0.0,0.0,0.0947642738687541,0.284832660811768,0.6671431975220321,-1.308105582807754,-0.0963920234865379,1.0,0.0,0.0,0.0,0.441510770975057,1.0,0.0,0.5,0.0,0.0,1,200,,,,,,,,,,,,,,,,,,,,,,,,,,,,,,,,,,,,,,,,,,,,,,,,,,,,,,,,,,,,,,,,,,,,
2026-07-19T19:55:56.317476+00:00,HYPEUSDT,61.041,0.694,1.8396645647793304,0.6590120905122052,0,0.4740506641647272,1.925260486240981,50.0,0.0,0.0,0.0,0.0,0.694,0.0,0.6590120905122052,1.0,1.8396645647793304,0.0,0.0,0.0,0.1838205123996697,0.4740506641647272,1.925260486240981,1.3078186978241693,-0.970312146415025,0.0,0.0,0.0,0.0,0.4350195362739544,0.0,0.0,0.5,0.0,0.0,1,195,,,,,,,,,,,,,,,,,,,,,,,,,,,,,,,,,,,,,,,,,,,,,,,,,,,,,,,,,,,,,,,,,,,,
2026-07-19T19:55:56.317476+00:00,ZECUSDT,550.49,0.789,2.4102850230141235,0.8501640988242782,1,-1.6244326101719202,-1.181180103039123,50.0,0.0,0.0,0.0,0.0,0.789,0.0,0.8501640988242782,1.0,2.4102850230141235,0.0,1.0,0.0,-0.4844803586600774,-1.6244326101719202,-1.181180103039123,0.7891171408693214,-2.0750043516047727,0.0,1.0,0.0,0.0,0.2448021138740255,0.0,0.0,0.5,0.0,0.0,1,200,,,,,,,,,,,,,,,,,,,,,,,,,,,,,,,,,,,,,,,,,,,,,,,,,,,,,,,,,,,,,,,,,,,,
2026-07-19T19:55:56.317476+00:00,USD1USDT,0.9998,0.656,0.0173236885936042,-0.0015648192037837,0,0.0030006901587339,-0.0130009100637008,50.0,0.0,0.0,0.0,0.0,0.656,0.0,-0.0015648192037837,0.0,0.0173236885936042,0.0,0.0,0.0,0.0010002100441158,0.0030006901587339,-0.0130009100637008,0.0070018905104392,0.0190018102371332,1.0,0.0,0.0,1.0,0.2871794871799177,1.0,0.0,0.5,0.0,0.0,1,200,,,,,,,,,,,,,,,,,,,,,,,,,,,,,,,,,,,,,,,,,,,,,,,,,,,,,,,,,,,,,,,,,,,,
2026-07-19T19:55:56.317476+00:00,DRAMBUSDT,53.01,0.894,2.3416605772655195,1.549163223112015,1,0.3787161522438851,2.6529821843532098,50.0,0.0,0.0,0.0,0.0,0.894,0.0,1.549163223112015,1.0,2.3416605772655195,0.0,1.0,0.0,0.2648004539436364,0.3787161522438851,2.6529821843532098,0.5882352941176379,-1.8869693628606885,0.0,0.0,0.0,0.0,0.3823080365368919,0.0,0.0,0.5,0.0,0.0,1,69,,,,,,,,,,,,,,,,,,,,,,,,,,,,,,,,,,,,,,,,,,,,,,,,,,,,,,,,,,,,,,,,,,,,
2026-07-19T19:55:56.317476+00:00,USDCUSDT,1.00061,0.314,0.0139655098307169,-0.0056267934701617,1,0.0019988206957803,0.0029982610086124,50.0,0.0,0.0,0.0,0.0,0.314,0.0,-0.0056267934701617,0.0,0.0139655098307169,0.0,1.0,0.0,-0.0029980812280115,0.0019988206957803,0.0029982610086124,0.0029982610086124,0.0009994003595688,0.0,0.0,0.0,1.0,0.4230769230774224,1.0,0.0,0.5,0.0,0.0,1,200,,,,,,,,,,,,,,,,,,,,,,,,,,,,,,,,,,,,,,,,,,,,,,,,,,,,,,,,,,,,,,,,,,,,
2026-07-19T19:55:56.317476+00:00,XAUTUSDT,4014.1,0.847,0.331661844093298,0.2361699008199585,1,0.0648136607254121,0.1372050092301551,50.0,0.0,0.0,0.0,0.0,0.847,0.0,0.2361699008199585,1.0,0.331661844093298,0.0,1.0,0.0,0.0523429710867375,0.0648136607254121,0.1372050092301551,0.0398753894080974,-0.0075307986868537,0.0,0.0,0.0,1.0,0.6521680216802312,0.0,0.0,0.5,0.0,0.0,1,200,,,,,,,,,,,,,,,,,,,,,,,,,,,,,,,,,,,,,,,,,,,,,,,,,,,,,,,,,,,,,,,,,,,,
2026-07-19T19:55:56.317476+00:00,BANKUSDT,0.2243,2.733,10.825055251543528,88.36496242997187,0,105.59120073327222,101.34649910233394,50.0,0.0,0.0,0.0,0.0,2.733,1.0,88.36496242997187,1.0,10.825055251543528,1.0,0.0,1.0,40.36295369211514,105.59120073327222,101.34649910233394,239.3343419062027,107.65583269018424,0.0,1.0,1.0,0.0,0.7042418055193597,0.0,1.0,0.5,0.0,0.0,1,200,,,,,,,,,,,,,,,,,,,,,,,,,,,,,,,,,,,,,,,,,,,,,,,,,,,,,,,,,,,,,,,,,,,,
2026-07-19T19:55:56.317476+00:00,PAXGUSDT,4010.46,0.802,0.3465117251533615,0.2013876346287848,1,0.0164596737991883,0.0753598307148698,50.0,0.0,0.0,0.0,0.0,0.802,0.0,0.2013876346287848,1.0,0.3465117251533615,0.0,1.0,0.0,0.0563844119554966,0.0164596737991883,0.0753598307148698,0.0067328480695423,-0.0424307899382631,0.0,0.0,0.0,1.0,0.564099870995111,0.0,0.0,0.5,0.0,0.0,1,200,,,,,,,,,,,,,,,,,,,,,,,,,,,,,,,,,,,,,,,,,,,,,,,,,,,,,,,,,,,,,,,,,,,,
2026-07-19T19:55:56.317476+00:00,TLMUSDT,0.002606,3.271,8.233571789501987,33.06182481261574,0,22.06088992974237,87.7521613832853,50.0,0.0,0.0,0.0,0.0,3.271,1.0,33.06182481261574,1.0,8.233571789501987,1.0,0.0,1.0,9.083298451234816,22.06088992974237,87.7521613832853,77.27891156462584,-31.75755387429224,0.0,0.0,1.0,0.0,0.4959247541725655,0.0,0.0,0.5,0.0,0.0,1,200,,,,,,,,,,,,,,,,,,,,,,,,,,,,,,,,,,,,,,,,,,,,,,,,,,,,,,,,,,,,,,,,,,,,
2026-07-19T19:55:56.317476+00:00,OPNUSDT,0.0615,0.253,3.0395559452766245,-1.6641224231040217,1,-2.843601895734591,-0.9661835748792325,50.0,0.0,0.0,0.0,0.0,0.253,0.0,-1.6641224231040217,0.0,3.0395559452766245,0.0,1.0,0.0,-1.125401929260449,-2.843601895734591,-0.9661835748792325,0.0,-4.775969045493033,0.0,1.0,0.0,0.0,0.3452380952380938,0.0,0.0,0.5,0.0,0.0,1,200,,,,,,,,,,,,,,,,,,,,,,,,,,,,,,,,,,,,,,,,,,,,,,,,,,,,,,,,,,,,,,,,,,,,
2026-07-19T19:55:56.317476+00:00,REUSDT,0.3973,0.141,5.692796213529491,-9.613391690980496,0,-6.3854853911404375,1.7153097798259047,50.0,0.0,0.0,0.0,0.0,0.141,0.0,-9.613391690980496,0.0,5.692796213529491,0.0,0.0,0.0,-0.947394664672158,-6.3854853911404375,1.7153097798259047,-10.558307068887888,-15.038839205784573,0.0,0.0,0.0,0.0,0.5183739602344258,0.0,0.0,0.5,0.0,0.0,1,182,,,,,,,,,,,,,,,,,,,,,,,,,,,,,,,,,,,,,,,,,,,,,,,,,,,,,,,,,,,,,,,,,,,,
2026-07-19T19:55:56.317476+00:00,HYPERUSDT,0.0681,1.09,2.127175525881571,-1.8593553403715293,1,-2.295552367288385,-1.731601731601741,50.0,0.0,0.0,0.0,0.0,1.09,0.0,-1.8593553403715293,0.0,2.127175525881571,0.0,1.0,0.0,-2.435530085959896,-2.295552367288385,-1.731601731601741,-1.4471780028943573,-2.8727529444889583,0.0,0.0,0.0,0.0,0.4154362003199234,0.0,0.0,0.5,0.0,0.0,1,200,,,,,,,,,,,,,,,,,,,,,,,,,,,,,,,,,,,,,,,,,,,,,,,,,,,,,,,,,,,,,,,,,,,,
2026-07-19T19:55:56.317476+00:00,GOOGLBUSDT,347.2,0.965,0.9521470796411122,-0.8938661945597877,0,-0.181122962366672,0.0720564922899553,50.0,0.0,0.0,0.0,0.0,0.965,0.0,-0.8938661945597877,0.0,0.9521470796411122,0.0,0.0,0.0,-0.0805801772763985,-0.181122962366672,0.0720564922899553,-0.0403063280935067,-0.4347618152273135,0.0,0.0,0.0,0.0,0.3561342857215352,1.0,0.0,0.5,0.0,0.0,1,64,,,,,,,,,,,,,,,,,,,,,,,,,,,,,,,,,,,,,,,,,,,,,,,,,,,,,,,,,,,,,,,,,,,,
2026-07-19T19:55:56.317476+00:00,WLFIUSDT,0.0578,1.251,1.2012175225331845,0.892123374571533,1,1.581722319859399,1.581722319859399,50.0,0.0,0.0,0.0,0.0,1.251,0.0,0.892123374571533,1.0,1.2012175225331845,0.0,1.0,0.0,1.2259194395796833,1.581722319859399,1.581722319859399,1.403508771929816,1.581722319859399,0.0,0.0,0.0,1.0,0.4844877344877319,0.0,1.0,0.5,0.0,0.0,1,200,,,,,,,,,,,,,,,,,,,,,,,,,,,,,,,,,,,,,,,,,,,,,,,,,,,,,,,,,,,,,,,,,,,,
2026-07-19T19:55:56.317476+00:00,BRUSDT,0.15489,0.932,4.179783850155761,2.4755247231059143,0,1.4009819967266797,-5.5375983411599705,50.0,0.0,0.0,0.0,0.0,0.932,0.0,2.4755247231059143,1.0,4.179783850155761,0.0,0.0,0.0,-0.2832678812850035,1.4009819967266797,-5.5375983411599705,3.8972363831499934,8.243697127543298,1.0,0.0,1.0,0.0,0.2591914966693182,1.0,0.0,0.5,0.0,0.0,1,200,,,,,,,,,,,,,,,,,,,,,,,,,,,,,,,,,,,,,,,,,,,,,,,,,,,,,,,,,,,,,,,,,,,,
2026-07-19T19:55:56.317476+00:00,ESPUSDT,0.07105,1.001,2.334005163794706,-2.854623736347909,0,-1.1684518013631848,-0.5737475510775171,50.0,0.0,0.0,0.0,0.0,1.001,0.0,-2.854623736347909,0.0,2.334005163794706,0.0,0.0,0.0,-0.1265111048636391,-1.1684518013631848,-0.5737475510775171,-4.43846671149966,-1.7701870378591265,1.0,0.0,0.0,0.0,0.2052910052910032,1.0,0.0,0.5,0.0,0.0,1,200,,,,,,,,,,,,,,,,,,,,,,,,,,,,,,,,,,,,,,,,,,,,,,,,,,,,,,,,,,,,,,,,,,,,
2026-07-19T19:55:56.317476+00:00,SOXLBUSDT,129.98,0.521,4.435438266288096,-2.732159317456768,1,-3.640002965379196,-0.7255785534255075,50.0,0.0,0.0,0.0,0.0,0.521,0.0,-2.732159317456768,0.0,4.435438266288096,0.0,1.0,0.0,-0.611714329408175,-3.640002965379196,-0.7255785534255075,-3.995863800871554,-6.664519882815978,0.0,0.0,0.0,0.0,0.3584773633238614,0.0,0.0,0.5,0.0,0.0,1,64,,,,,,,,,,,,,,,,,,,,,,,,,,,,,,,,,,,,,,,,,,,,,,,,,,,,,,,,,,,,,,,,,,,,
2026-07-19T19:55:56.317476+00:00,WCTUSDT,0.04117,0.964,1.8130268375581269,-2.758665085935873,0,-2.0228462636839684,-1.2236084452975131,50.0,0.0,0.0,0.0,0.0,0.964,0.0,-2.758665085935873,0.0,1.8130268375581269,0.0,0.0,0.0,-1.4128352490421463,-2.0228462636839684,-1.2236084452975131,-3.7634408602150544,-2.8385852272156384,0.0,0.0,0.0,0.0,0.3042436821219713,0.0,0.0,0.5,0.0,0.0,1,200,,,,,,,,,,,,,,,,,,,,,,,,,,,,,,,,,,,,,,,,,,,,,,,,,,,,,,,,,,,,,,,,,,,,
2026-07-19T19:55:56.317476+00:00,HOMEUSDT,0.00778,0.888,10.358102540783772,-7.685093854766444,0,-0.7653061224489817,8.811188811188805,50.0,0.0,0.0,0.0,0.0,0.888,0.0,-7.685093854766444,0.0,10.358102540783772,0.0,0.0,0.0,-1.1435832274460058,-0.7653061224489817,8.811188811188805,-6.151990349819069,-10.415655772798626,0.0,0.0,0.0,0.0,0.4405485598494709,0.0,0.0,0.5,0.0,0.0,1,200,,,,,,,,,,,,,,,,,,,,,,,,,,,,,,,,,,,,,,,,,,,,,,,,,,,,,,,,,,,,,,,,,,,,
2026-07-19T19:55:56.317476+00:00,RECALLUSDT,0.03897,0.972,3.324561009889463,6.9349703019235935,0,4.927302100161547,3.616059558628025,50.0,0.0,0.0,0.0,0.0,0.972,0.0,6.9349703019235935,1.0,3.324561009889463,0.0,0.0,0.0,0.2314814814814809,4.927302100161547,3.616059558628025,8.12985571587124,6.176969741746227,1.0,1.0,1.0,0.0,0.5236680954776414,0.0,0.0,0.5,0.0,0.0,1,200,,,,,,,,,,,,,,,,,,,,,,,,,,,,,,,,,,,,,,,,,,,,,,,,,,,,,,,,,,,,,,,,,,,,
2026-07-19T19:55:56.317476+00:00,HBARUSDT,0.06641,0.767,1.0142016472872502,-0.3474103259827105,1,-1.1755952380952368,-0.5242660275614186,50.0,0.0,0.0,0.0,0.0,0.767,0.0,-0.3474103259827105,0.0,1.0142016472872502,0.0,1.0,0.0,-0.4646282973621174,-1.1755952380952368,-0.5242660275614186,0.4082249773208231,-1.8346725298867228,0.0,0.0,0.0,1.0,0.3656877385100398,0.0,0.0,0.5,0.0,0.0,1,200,,,,,,,,,,,,,,,,,,,,,,,,,,,,,,,,,,,,,,,,,,,,,,,,,,,,,,,,,,,,,,,,,,,,
2026-07-19T19:55:56.317476+00:00,BILLUSDT,0.02508,1.121,11.075207993930295,-1.0856367483816207,1,-5.465510742555597,1.3742926434923202,50.0,0.0,0.0,0.0,0.0,1.121,0.0,-1.0856367483816207,0.0,11.075207993930295,0.0,1.0,0.0,-7.1111111111111045,-5.465510742555597,1.3742926434923202,6.768837803320567,-12.700757306823988,0.0,0.0,0.0,0.0,0.4857552336243123,0.0,0.0,0.5,0.0,0.0,1,200,,,,,,,,,,,,,,,,,,,,,,,,,,,,,,,,,,,,,,,,,,,,,,,,,,,,,,,,,,,,,,,,,,,,
2026-07-19T19:55:56.317476+00:00,NBISBUSDT,176.62,0.903,2.8317953831641605,1.643102653701561,1,2.991428071607671,2.388405797101452,50.0,0.0,0.0,0.0,0.0,0.903,0.0,1.643102653701561,1.0,2.8317953831641605,0.0,1.0,0.0,1.1511368191970623,2.991428071607671,2.388405797101452,-0.6469033020194666,3.576935317984477,0.0,0.0,0.0,0.0,0.6093030258780865,0.0,1.0,0.5,0.0,0.0,1,64,,,,,,,,,,,,,,,,,,,,,,,,,,,,,,,,,,,,,,,,,,,,,,,,,,,,,,,,,,,,,,,,,,,,
2026-07-19T19:55:56.317476+00:00,QCOMBUSDT,171.58,0.976,1.3210715235025186,0.5711770211285139,1,-0.3947521188900374,-0.0524261664821896,50.0,0.0,0.0,0.0,0.0,0.976,0.0,0.5711770211285139,1.0,1.3210715235025186,0.0,1.0,0.0,0.4155205711944799,-0.3947521188900374,-0.0524261664821896,-0.2035712208456897,-0.7384347658289339,0.0,0.0,0.0,0.0,0.395930081326973,0.0,0.0,0.5,0.0,0.0,1,69,,,,,,,,,,,,,,,,,,,,,,,,,,,,,,,,,,,,,,,,,,,,,,,,,,,,,,,,,,,,,,,,,,,,
2026-07-19T19:55:56.317476+00:00,GLWBUSDT,158.8,0.968,2.449648004741417,2.663953614063193,1,0.1387312397528054,5.634271269872945,50.0,0.0,0.0,0.0,0.0,0.968,0.0,2.663953614063193,1.0,2.449648004741417,0.0,1.0,0.0,-0.4700720777185835,0.1387312397528054,5.634271269872945,2.7765193191379334,-5.349195321811752,0.0,0.0,0.0,0.0,0.5297603235996313,0.0,0.0,0.5,0.0,0.0,1,64,,,,,,,,,,,,,,,,,,,,,,,,,,,,,,,,,,,,,,,,,,,,,,,,,,,,,,,,,,,,,,,,,,,,
2026-07-19T19:55:56.317476+00:00,CBRSBUSDT,169.71,0.903,2.44464272220585,-2.007677720059201,1,-1.6059833024118633,0.283637652898433,50.0,0.0,0.0,0.0,0.0,0.903,0.0,-2.007677720059201,0.0,2.44464272220585,0.0,1.0,0.0,0.1475274401038593,-1.6059833024118633,0.283637652898433,-1.6800880597879646,-3.526446577244931,0.0,0.0,0.0,0.0,0.3383633909949691,0.0,0.0,0.5,0.0,0.0,1,64,,,,,,,,,,,,,,,,,,,,,,,,,,,,,,,,,,,,,,,,,,,,,,,,,,,,,,,,,,,,,,,,,,,,
2026-07-19T19:55:56.317476+00:00,FDUSDUSDT,0.9985,2.945,0.0384436587149983,0.0364878962648284,0,0.0400761446748889,0.0501002004008072,50.0,0.0,0.0,0.0,0.0,2.945,1.0,0.0364878962648284,1.0,0.0384436587149983,0.0,0.0,1.0,0.0400761446748889,0.0400761446748889,0.0501002004008072,0.0701543395470068,0.0300561045947297,0.0,0.0,0.0,1.0,0.365384615384634,1.0,0.0,0.5,0.0,0.0,1,200,,,,,,,,,,,,,,,,,,,,,,,,,,,,,,,,,,,,,,,,,,,,,,,,,,,,,,,,,,,,,,,,,,,,
2026-07-19T19:55:56.317476+00:00,XLMUSDT,0.1904,0.593,1.636606689552695,1.59537986661579,1,2.0911528150134124,1.546666666666674,50.0,0.0,0.0,0.0,0.0,0.593,0.0,1.59537986661579,1.0,1.636606689552695,0.0,1.0,0.0,0.052548607461911,2.0911528150134124,1.546666666666674,1.7637626937466728,2.6244861483467465,0.0,1.0,0.0,0.0,0.5363192650014372,0.0,0.0,0.5,0.0,0.0,1,200,,,,,,,,,,,,,,,,,,,,,,,,,,,,,,,,,,,,,,,,,,,,,,,,,,,,,,,,,,,,,,,,,,,,
2026-07-19T19:55:56.317476+00:00,SPYBUSDT,745.99,1.032,0.4359912767047895,-0.0228881252649181,0,0.0657276995305176,0.2607351656474773,50.0,0.0,0.0,0.0,0.0,1.032,0.0,-0.0228881252649181,0.0,0.4359912767047895,0.0,0.0,0.0,0.0268172005524404,0.0657276995305176,0.2607351656474773,0.2014802079275745,-0.129151676855484,0.0,0.0,0.0,1.0,0.2524785263489675,1.0,0.0,0.5,0.0,0.0,1,69,,,,,,,,,,,,,,,,,,,,,,,,,,,,,,,,,,,,,,,,,,,,,,,,,,,,,,,,,,,,,,,,,,,,
2026-07-19T19:55:56.317476+00:00,GROVEUSDT,0.012218,0.924,5.740823878218476,-5.169603503536764,1,-0.4643584521384909,-4.464774415513334,50.0,0.0,0.0,0.0,0.0,0.924,0.0,-5.169603503536764,0.0,5.740823878218476,0.0,1.0,0.0,-0.1471068976789853,-0.4643584521384909,-4.464774415513334,-3.673919899085471,3.5547204437877005,0.0,0.0,0.0,0.0,0.2113223700418844,1.0,0.0,0.5,0.0,0.0,1,69,,,,,,,,,,,,,,,,,,,,,,,,,,,,,,,,,,,,,,,,,,,,,,,,,,,,,,,,,,,,,,,,,,,,
2026-07-19T19:55:56.317476+00:00,VVVUSDT,11.408,1.022,3.382694225520092,1.9778975653842927,0,-3.8192395244920414,-1.0151843817787494,50.0,0.0,0.0,0.0,0.0,1.022,0.0,1.9778975653842927,1.0,3.382694225520092,0.0,0.0,0.0,-2.2115549459969217,-3.8192395244920414,-1.0151843817787494,2.213063345578352,-6.734640826010483,0.0,0.0,1.0,0.0,0.3030179343337817,0.0,0.0,0.5,0.0,0.0,1,200,,,,,,,,,,,,,,,,,,,,,,,,,,,,,,,,,,,,,,,,,,,,,,,,,,,,,,,,,,,,,,,,,,,,
2026-07-19T19:55:56.317476+00:00,GUSDT,0.00347,1.138,6.907552190004132,-4.948613869407909,0,-3.0726256983240186,3.27380952380952,50.0,0.0,0.0,0.0,0.0,1.138,0.0,-4.948613869407909,0.0,6.907552190004132,1.0,0.0,0.0,0.8720930232558162,-3.0726256983240186,3.27380952380952,3.582089552238802,-9.620244745943058,1.0,0.0,0.0,0.0,0.4113518910030539,0.0,0.0,0.5,0.0,0.0,1,200,,,,,,,,,,,,,,,,,,,,,,,,,,,,,,,,,,,,,,,,,,,,,,,,,,,,,,,,,,,,,,,,,,,,
2026-07-19T19:55:56.317476+00:00,ZEREBROUSDT,0.042962,0.976,3.378424832991306,24.40750951796324,0,29.84555867863512,27.525304995695937,50.0,0.0,0.0,0.0,0.0,0.976,0.0,24.40750951796324,1.0,3.378424832991306,1.0,0.0,1.0,6.692825390518298,29.84555867863512,27.525304995695937,29.104186074465844,31.632492099039403,0.0,0.0,1.0,0.0,0.8542262343939044,0.0,3.0,0.5,0.0,0.0,1,200,,,,,,,,,,,,,,,,,,,,,,,,,,,,,,,,,,,,,,,,,,,,,,,,,,,,,,,,,,,,,,,,,,,,
2026-07-19T20:11:21.907591+00:00,MNTUSDT,0.4232,0.053,1.2110816371192834,-1.1170348676435546,0,0.8820023837902351,0.7139457401237512,50.0,0.0,0.0,0.0,0.0,0.053,0.0,-1.1170348676435546,0.0,1.2110816371192834,0.0,0.0,0.0,0.0,0.8820023837902351,0.7139457401237512,-0.7737397420867456,1.0485897231524517,1.0,0.0,0.0,0.0,0.3908163265306161,1.0,0.0,0.5,0.0,0.0,1,200,,,,,,,,,,,,,,,,,,,,,,,,,,,,,,,,,,,,,,,,,,,,,,,,,,,,,,,,,,,,,,,,,,,,
2026-07-19T20:11:21.907591+00:00,HYPEUSDT,61.073,0.035,1.7265456807930517,1.1603584588682874,1,-0.0425538879523335,1.360928086568304,50.0,0.0,0.0,0.0,0.0,0.035,0.0,1.1603584588682874,1.0,1.7265456807930517,0.0,1.0,0.0,-0.1226532347746497,-0.0425538879523335,1.360928086568304,2.2176474526344023,-1.4466333528752362,0.0,0.0,0.0,0.0,0.4154775189688202,0.0,0.0,0.5,0.0,0.0,1,196,,,,,,,,,,,,,,,,,,,,,,,,,,,,,,,,,,,,,,,,,,,,,,,,,,,,,,,,,,,,,,,,,,,,
2026-07-19T20:11:21.907591+00:00,ZECUSDT,551.36,0.032,2.288482755945461,1.1956176779596392,1,-0.7952787074022022,-1.3137640952210543,50.0,0.0,0.0,0.0,0.0,0.032,0.0,1.1956176779596392,1.0,2.288482755945461,0.0,1.0,0.0,0.2381601672575328,-0.7952787074022022,-1.3137640952210543,0.6958268651264833,-0.2726368602570308,0.0,1.0,0.0,0.0,0.3046915247176384,1.0,0.0,0.5,0.0,0.0,1,200,,,,,,,,,,,,,,,,,,,,,,,,,,,,,,,,,,,,,,,,,,,,,,,,,,,,,,,,,,,,,,,,,,,,
2026-07-19T20:11:21.907591+00:00,USD1USDT,0.99982,0.042,0.0163002849852167,-0.0009972522588399,0,0.0060014403456889,-0.0219991200351983,50.0,0.0,0.0,0.0,0.0,0.042,0.0,-0.0009972522588399,0.0,0.0163002849852167,0.0,0.0,0.0,0.0010001900361134,0.0060014403456889,-0.0219991200351983,-0.0080008000800049,0.0340003203904929,1.0,0.0,0.0,1.0,0.453846153846831,0.0,0.0,0.5,0.0,0.0,1,200,,,,,,,,,,,,,,,,,,,,,,,,,,,,,,,,,,,,,,,,,,,,,,,,,,,,,,,,,,,,,,,,,,,,
2026-07-19T20:11:21.907591+00:00,DRAMBUSDT,52.96,0.051,2.1858930643221126,1.6053940943195435,1,0.6079027355623106,2.1999228097259755,50.0,0.0,0.0,0.0,0.0,0.051,0.0,1.6053940943195435,1.0,2.1858930643221126,0.0,1.0,0.0,-0.0377500943752284,0.6079027355623106,2.1999228097259755,1.5142802376844913,-0.9744978819598824,0.0,0.0,0.0,0.0,0.4837847798046782,0.0,0.0,0.5,0.0,0.0,1,70,,,,,,,,,,,,,,,,,,,,,,,,,,,,,,,,,,,,,,,,,,,,,,,,,,,,,,,,,,,,,,,,,,,,
2026-07-19T20:11:21.907591+00:00,USDCUSDT,1.00062,0.006,0.0130392286541765,-0.0047381060329707,1,0.0,0.0089952325267753,50.0,0.0,0.0,0.0,0.0,0.006,0.0,-0.0047381060329707,0.0,0.0130392286541765,0.0,1.0,0.0,0.0,0.0,0.0089952325267753,0.0049971516235851,-0.0089952325267753,0.0,0.0,0.0,1.0,0.3397435897431638,0.0,0.0,0.5,0.0,0.0,1,200,,,,,,,,,,,,,,,,,,,,,,,,,,,,,,,,,,,,,,,,,,,,,,,,,,,,,,,,,,,,,,,,,,,,
2026-07-19T20:11:21.907591+00:00,BANKUSDT,0.2249,0.099,10.480324562857367,85.07755339431156,0,20.39614561027837,102.24820143884892,50.0,0.0,0.0,0.0,0.0,0.099,0.0,85.07755339431156,1.0,10.480324562857367,1.0,0.0,1.0,-2.2173913043478355,20.39614561027837,102.24820143884892,219.0070921985816,-47.589465900513005,0.0,1.0,1.0,0.0,0.5220798574904415,0.0,0.0,0.5,0.0,0.0,1,200,,,,,,,,,,,,,,,,,,,,,,,,,,,,,,,,,,,,,,,,,,,,,,,,,,,,,,,,,,,,,,,,,,,,
2026-07-19T20:11:21.907591+00:00,XAUTUSDT,4014.1,0.047,0.3081496573871315,0.2433184543246556,1,0.1521956087824328,0.0648136607254121,50.0,0.0,0.0,0.0,0.0,0.047,0.0,0.2433184543246556,1.0,0.3081496573871315,0.0,1.0,0.0,-0.0024911563947961,0.1521956087824328,0.0648136607254121,0.1571934727281732,0.2394447674512599,0.0,0.0,0.0,1.0,0.6644647696477,0.0,0.0,0.5,0.0,0.0,1,200,,,,,,,,,,,,,,,,,,,,,,,,,,,,,,,,,,,,,,,,,,,,,,,,,,,,,,,,,,,,,,,,,,,,
2026-07-19T20:11:21.907591+00:00,PAXGUSDT,4010.55,0.038,0.3219851998996377,0.2108168143892533,1,0.0958392296921949,-0.0431176288793408,50.0,0.0,0.0,0.0,0.0,0.038,0.0,0.2108168143892533,1.0,0.3219851998996377,0.0,1.0,0.0,0.0027428411845116,0.0958392296921949,-0.0431176288793408,0.1113304993147941,0.2346630405927344,0.0,0.0,0.0,1.0,0.6879182433432092,0.0,1.0,0.5,0.0,0.0,1,200,,,,,,,,,,,,,,,,,,,,,,,,,,,,,,,,,,,,,,,,,,,,,,,,,,,,,,,,,,,,,,,,,,,,
2026-07-19T20:11:21.907591+00:00,TLMUSDT,0.002599,0.103,7.949127253664486,31.386179551815456,0,22.82608695652176,47.08545557441994,50.0,0.0,0.0,0.0,0.0,0.103,0.0,31.386179551815456,1.0,7.949127253664486,1.0,0.0,1.0,-1.6647748770336652,22.82608695652176,47.08545557441994,86.70977011494254,3.075096577348017,0.0,0.0,1.0,0.0,0.5484180034613083,0.0,0.0,0.5,0.0,0.0,1,200,,,,,,,,,,,,,,,,,,,,,,,,,,,,,,,,,,,,,,,,,,,,,,,,,,,,,,,,,,,,,,,,,,,,
2026-07-19T20:11:21.907591+00:00,OPNUSDT,0.0616,0.008,2.85264967956008,-1.5362825351352023,1,-0.6451612903225767,-2.839116719242896,50.0,0.0,0.0,0.0,0.0,0.008,0.0,-1.5362825351352023,0.0,2.85264967956008,0.0,1.0,0.0,0.0,-0.6451612903225767,-2.839116719242896,-0.4846526655896522,1.5630406024219006,0.0,1.0,0.0,0.0,0.3055555555555557,1.0,0.0,0.5,0.0,0.0,1,200,,,,,,,,,,,,,,,,,,,,,,,,,,,,,,,,,,,,,,,,,,,,,,,,,,,,,,,,,,,,,,,,,,,,
2026-07-19T20:11:21.907591+00:00,REUSDT,0.3966,0.002,5.335120517840657,-9.016580674715998,0,0.0757002271006869,0.2021222839818147,50.0,0.0,0.0,0.0,0.0,0.002,0.0,-9.016580674715998,0.0,5.335120517840657,0.0,0.0,0.0,-0.2264150943396256,0.0757002271006869,0.2021222839818147,-11.374301675977652,-0.0506262003879437,0.0,0.0,0.0,0.0,0.4580419580419593,1.0,0.0,0.5,0.0,0.0,1,183,,,,,,,,,,,,,,,,,,,,,,,,,,,,,,,,,,,,,,,,,,,,,,,,,,,,,,,,,,,,,,,,,,,,
2026-07-19T20:11:21.907591+00:00,HYPERUSDT,0.0681,0.049,1.9962121394469257,-1.7714778826118494,1,-2.714285714285732,-1.3043478260869736,50.0,0.0,0.0,0.0,0.0,0.049,0.0,-1.7714778826118494,0.0,1.9962121394469257,0.0,1.0,0.0,0.0,-2.714285714285732,-1.3043478260869736,-1.731601731601741,-4.163561076604574,0.0,0.0,0.0,0.0,0.3413621262458425,1.0,0.0,0.5,0.0,0.0,1,200,,,,,,,,,,,,,,,,,,,,,,,,,,,,,,,,,,,,,,,,,,,,,,,,,,,,,,,,,,,,,,,,,,,,
2026-07-19T20:11:21.907591+00:00,GOOGLBUSDT,347.21,0.038,0.8978944522393046,-0.5179910626105457,1,0.0547518874992789,0.1904487087000341,50.0,0.0,0.0,0.0,0.0,0.038,0.0,-0.5179910626105457,0.0,0.8978944522393046,0.0,1.0,0.0,-0.1093242038033302,0.0547518874992789,0.1904487087000341,0.2135827055733403,-0.080870677787107,0.0,0.0,0.0,0.0,0.3804977068214638,0.0,0.0,0.5,0.0,0.0,1,65,,,,,,,,,,,,,,,,,,,,,,,,,,,,,,,,,,,,,,,,,,,,,,,,,,,,,,,,,,,,,,,,,,,,
2026-07-19T20:11:21.907591+00:00,WLFIUSDT,0.0579,0.06,1.1381629059845406,1.1201923233464866,1,1.9366197183098528,1.578947368421049,50.0,0.0,0.0,0.0,0.0,0.06,0.0,1.1201923233464866,1.0,1.1381629059845406,0.0,1.0,1.0,0.1730103806228423,1.9366197183098528,1.578947368421049,1.401050788091072,2.287496911292308,0.0,0.0,0.0,1.0,0.6868686868686875,0.0,0.0,0.5,0.0,0.0,1,200,,,,,,,,,,,,,,,,,,,,,,,,,,,,,,,,,,,,,,,,,,,,,,,,,,,,,,,,,,,,,,,,,,,,
2026-07-19T20:11:21.907591+00:00,BRUSDT,0.15475,0.05,3.917048927133375,2.228186535716425,0,-0.4310899498134113,-9.16294904907256,50.0,0.0,0.0,0.0,0.0,0.05,0.0,2.228186535716425,1.0,3.917048927133375,0.0,0.0,0.0,-0.1612903225806453,-0.4310899498134113,-9.16294904907256,2.6193633952254705,8.338574290618618,1.0,0.0,1.0,0.0,0.3117823706058996,0.0,0.0,0.5,0.0,0.0,1,200,,,,,,,,,,,,,,,,,,,,,,,,,,,,,,,,,,,,,,,,,,,,,,,,,,,,,,,,,,,,,,,,,,,,
2026-07-19T20:11:21.907591+00:00,ESPUSDT,0.07111,0.05,2.1915783250108114,-2.739412643423291,0,-0.0983422309637352,-0.3922117943689433,50.0,0.0,0.0,0.0,0.0,0.05,0.0,-2.739412643423291,0.0,2.1915783250108114,0.0,0.0,0.0,-0.0843051847688501,-0.0983422309637352,-0.3922117943689433,-5.363321799307948,0.1958166148129868,1.0,0.0,0.0,0.0,0.2888888888888873,0.0,0.0,0.5,0.0,0.0,1,200,,,,,,,,,,,,,,,,,,,,,,,,,,,,,,,,,,,,,,,,,,,,,,,,,,,,,,,,,,,,,,,,,,,,
2026-07-19T20:11:21.907591+00:00,SOXLBUSDT,129.73,0.026,4.149683108917229,-2.2321924666502184,1,-1.5854953724776235,-2.983846844151966,50.0,0.0,0.0,0.0,0.0,0.026,0.0,-2.2321924666502184,0.0,4.149683108917229,0.0,1.0,0.0,-0.0770238003543269,-1.5854953724776235,-2.983846844151966,-3.244331742243453,-0.1646159228814485,0.0,0.0,0.0,0.0,0.2746587039656419,1.0,0.0,0.5,0.0,0.0,1,65,,,,,,,,,,,,,,,,,,,,,,,,,,,,,,,,,,,,,,,,,,,,,,,,,,,,,,,,,,,,,,,,,,,,
2026-07-19T20:11:21.907591+00:00,WCTUSDT,0.04136,0.054,1.703422960549852,-2.21135161946835,0,-0.8391273076000867,-1.241642788920725,50.0,0.0,0.0,0.0,0.0,0.054,0.0,-2.21135161946835,0.0,1.703422960549852,0.0,0.0,0.0,0.3883495145631078,-0.8391273076000867,-1.241642788920725,-3.499766682221188,-0.4332056266067641,0.0,0.0,0.0,0.0,0.5293898809523802,0.0,1.0,0.5,0.0,0.0,1,200,,,,,,,,,,,,,,,,,,,,,,,,,,,,,,,,,,,,,,,,,,,,,,,,,,,,,,,,,,,,,,,,,,,,
2026-07-19T20:11:21.907591+00:00,HOMEUSDT,0.00778,0.046,9.710047434392049,-5.97547454532021,0,-6.038647342995165,7.905686546463237,50.0,0.0,0.0,0.0,0.0,0.046,0.0,-5.97547454532021,0.0,9.710047434392049,0.0,0.0,0.0,-0.2564102564102571,-6.038647342995165,7.905686546463237,-6.937799043062198,-20.87914664951388,0.0,0.0,0.0,0.0,0.372108843537414,0.0,0.0,0.5,0.0,0.0,1,200,,,,,,,,,,,,,,,,,,,,,,,,,,,,,,,,,,,,,,,,,,,,,,,,,,,,,,,,,,,,,,,,,,,,
2026-07-19T20:11:21.907591+00:00,RECALLUSDT,0.03928,0.056,3.148195722285658,7.580628790536938,0,2.2650351470971173,4.384799362211017,50.0,0.0,0.0,0.0,0.0,0.056,0.0,7.580628790536938,1.0,3.148195722285658,0.0,0.0,0.0,0.95091236186071,2.2650351470971173,4.384799362211017,7.557502738225645,0.1922209031428177,1.0,0.0,1.0,0.0,0.55945000234841,0.0,1.0,0.5,0.0,0.0,1,200,,,,,,,,,,,,,,,,,,,,,,,,,,,,,,,,,,,,,,,,,,,,,,,,,,,,,,,,,,,,,,,,,,,,
2026-07-19T20:11:21.907591+00:00,HBARUSDT,0.06651,0.04,0.9543039000963808,-0.0665234013933465,1,-0.3147482014388517,-0.8940545373267819,50.0,0.0,0.0,0.0,0.0,0.04,0.0,-0.0665234013933465,0.0,0.9543039000963808,0.0,1.0,0.0,0.1053582179410003,-0.3147482014388517,-0.8940545373267819,0.9256449165402116,0.2663872478235554,0.0,0.0,0.0,1.0,0.4151382879605997,0.0,0.0,0.5,0.0,0.0,1,200,,,,,,,,,,,,,,,,,,,,,,,,,,,,,,,,,,,,,,,,,,,,,,,,,,,,,,,,,,,,,,,,,,,,
2026-07-19T20:11:21.907591+00:00,BILLUSDT,0.02496,0.057,10.430863078482,-0.8442822058904995,1,-8.269018743109157,-0.7554671968190824,50.0,0.0,0.0,0.0,0.0,0.057,0.0,-0.8442822058904995,0.0,10.430863078482,0.0,1.0,0.0,-0.9523809523809548,-8.269018743109157,-0.7554671968190824,7.447266465777007,-16.45987361388452,0.0,0.0,0.0,0.0,0.4488780974487416,0.0,0.0,0.5,0.0,0.0,1,200,,,,,,,,,,,,,,,,,,,,,,,,,,,,,,,,,,,,,,,,,,,,,,,,,,,,,,,,,,,,,,,,,,,,
2026-07-19T20:11:21.907591+00:00,NBISBUSDT,177.32,0.031,2.652175287401269,2.343861616751673,1,1.966647498562385,3.255109765329298,50.0,0.0,0.0,0.0,0.0,0.031,0.0,2.343861616751673,1.0,2.652175287401269,0.0,1.0,0.0,0.3451983475751147,1.966647498562385,3.255109765329298,-0.5998094063568548,0.703036015420234,0.0,0.0,0.0,0.0,0.6584710201940716,0.0,2.0,0.5,0.0,0.0,1,65,,,,,,,,,,,,,,,,,,,,,,,,,,,,,,,,,,,,,,,,,,,,,,,,,,,,,,,,,,,,,,,,,,,,
2026-07-19T20:11:21.907591+00:00,GLWBUSDT,159.0,0.044,2.302359991459201,3.001798664148594,1,0.4421983575489505,5.732145232078737,50.0,0.0,0.0,0.0,0.0,0.044,0.0,3.001798664148594,1.0,2.302359991459201,0.0,1.0,0.0,0.0629326620516012,0.4421983575489505,5.732145232078737,3.213242453748776,-4.824459442690453,0.0,0.0,0.0,0.0,0.5286258698181132,1.0,0.0,0.5,0.0,0.0,1,65,,,,,,,,,,,,,,,,,,,,,,,,,,,,,,,,,,,,,,,,,,,,,,,,,,,,,,,,,,,,,,,,,,,,
2026-07-19T20:11:21.907591+00:00,QCOMBUSDT,171.25,0.03,1.2678635562182727,0.4512590618676294,1,0.157913206222956,-0.2911208151382824,50.0,0.0,0.0,0.0,0.0,0.03,0.0,0.4512590618676294,1.0,1.2678635562182727,0.0,1.0,0.0,-0.1457725947521866,0.157913206222956,-0.2911208151382824,-0.3143372722509995,0.6062392615359169,0.0,0.0,0.0,1.0,0.3555881724387608,0.0,0.0,0.5,0.0,0.0,1,70,,,,,,,,,,,,,,,,,,,,,,,,,,,,,,,,,,,,,,,,,,,,,,,,,,,,,,,,,,,,,,,,,,,,
2026-07-19T20:11:21.907591+00:00,CBRSBUSDT,169.43,0.05,2.284316368754148,-2.0133914418134764,1,-1.6599918741656423,0.2129295558052958,50.0,0.0,0.0,0.0,0.0,0.05,0.0,-2.0133914418134764,0.0,2.284316368754148,0.0,1.0,0.0,-0.1414510520421882,-1.6599918741656423,0.2129295558052958,-1.4598115621728458,-3.564528456646271,0.0,0.0,0.0,0.0,0.4315789473684178,0.0,0.0,0.5,0.0,0.0,1,65,,,,,,,,,,,,,,,,,,,,,,,,,,,,,,,,,,,,,,,,,,,,,,,,,,,,,,,,,,,,,,,,,,,,
2026-07-19T20:11:21.907591+00:00,FDUSDUSDT,0.9986,0.01,0.0364093946976314,0.0467070736612318,0,0.0500951808436084,0.0601202404809664,50.0,0.0,0.0,0.0,0.0,0.01,0.0,0.0467070736612318,1.0,0.0364093946976314,0.0,0.0,1.0,0.0100150225337995,0.0500951808436084,0.0601202404809664,0.0701473093496376,0.0400751407634492,0.0,0.0,0.0,1.0,0.5320512820513007,0.0,1.0,0.5,0.0,0.0,1,200,,,,,,,,,,,,,,,,,,,,,,,,,,,,,,,,,,,,,,,,,,,,,,,,,,,,,,,,,,,,,,,,,,,,
2026-07-19T20:11:21.907591+00:00,XLMUSDT,0.191,0.036,1.541110087162971,2.2069442828080503,1,1.4877789585547272,1.7039403620873317,50.0,0.0,0.0,0.0,0.0,0.036,0.0,2.2069442828080503,1.0,1.541110087162971,0.0,1.0,0.0,0.1573151546932326,1.4877789585547272,1.7039403620873317,2.9649595687331565,1.2747864132938052,0.0,1.0,0.0,0.0,0.4878183831672237,1.0,0.0,0.5,0.0,0.0,1,200,,,,,,,,,,,,,,,,,,,,,,,,,,,,,,,,,,,,,,,,,,,,,,,,,,,,,,,,,,,,,,,,,,,,
2026-07-19T20:11:21.907591+00:00,SPYBUSDT,745.65,0.064,0.4113560290271274,-0.0125906615609391,1,-0.0696892129139448,0.1087481875302005,50.0,0.0,0.0,0.0,0.0,0.064,0.0,-0.0125906615609391,0.0,0.4113560290271274,0.0,1.0,0.0,-0.0294957566331971,-0.0696892129139448,0.1087481875302005,0.2109988173314611,-0.2482510516981034,0.0,0.0,0.0,1.0,0.2734832643982551,0.0,0.0,0.5,0.0,0.0,1,70,,,,,,,,,,,,,,,,,,,,,,,,,,,,,,,,,,,,,,,,,,,,,,,,,,,,,,,,,,,,,,,,,,,,
2026-07-19T20:11:21.907591+00:00,GROVEUSDT,0.012157,0.053,5.412449146717078,-5.181440065702913,1,-0.969371130661462,-1.2669536262486796,50.0,0.0,0.0,0.0,0.0,0.053,0.0,-5.181440065702913,0.0,5.412449146717078,0.0,1.0,0.0,-0.3361206755205862,-0.969371130661462,-1.2669536262486796,-3.8516292312559415,-0.6688757193076176,0.0,0.0,0.0,0.0,0.2023788241380675,0.0,0.0,0.5,0.0,0.0,1,70,,,,,,,,,,,,,,,,,,,,,,,,,,,,,,,,,,,,,,,,,,,,,,,,,,,,,,,,,,,,,,,,,,,,
2026-07-19T20:11:21.907591+00:00,VVVUSDT,11.475,0.037,3.168796112988482,2.3825459792016126,0,-1.8811457887986367,-3.082770270270272,50.0,0.0,0.0,0.0,0.0,0.037,0.0,2.3825459792016126,1.0,3.168796112988482,0.0,0.0,0.0,0.4640168096655493,-1.8811457887986367,-3.082770270270272,2.54691689008043,-0.6564836266364786,0.0,0.0,1.0,0.0,0.4498346675014859,0.0,1.0,0.5,0.0,0.0,1,200,,,,,,,,,,,,,,,,,,,,,,,,,,,,,,,,,,,,,,,,,,,,,,,,,,,,,,,,,,,,,,,,,,,,
2026-07-19T20:11:21.907591+00:00,GUSDT,0.00349,0.049,6.479731402839217,-4.393513431318123,0,-9.114583333333334,2.0467836257309995,50.0,0.0,0.0,0.0,0.0,0.049,0.0,-4.393513431318123,0.0,6.479731402839217,1.0,0.0,0.0,0.8670520231213896,-9.114583333333334,2.0467836257309995,3.560830860534121,-21.39528508771931,1.0,0.0,0.0,0.0,0.5078165374677002,0.0,0.0,0.5,0.0,0.0,1,200,,,,,,,,,,,,,,,,,,,,,,,,,,,,,,,,,,,,,,,,,,,,,,,,,,,,,,,,,,,,,,,,,,,,
2026-07-19T20:11:21.907591+00:00,ZEREBROUSDT,0.042833,0.057,3.259513429408276,23.917697051700728,0,12.777777777777786,26.44428044280443,50.0,0.0,0.0,0.0,0.0,0.057,0.0,23.917697051700728,1.0,3.259513429408276,1.0,0.0,1.0,-0.9962093195266132,12.777777777777786,26.44428044280443,28.33473154362416,0.6596965969659863,0.0,0.0,1.0,0.0,0.7186526206572345,0.0,0.0,0.5,0.0,0.0,1,200,,,,,,,,,,,,,,,,,,,,,,,,,,,,,,,,,,,,,,,,,,,,,,,,,,,,,,,,,,,,,,,,,,,,
2026-07-19T20:29:53.434312+00:00,MNTUSDT,0.4237,0.114,1.2163957792920086,-0.9969378007571694,0,1.001191895113239,0.832936696811043,47.3887530823586,0.0,-0.0003090227657698,0.0,-1.0,0.114,0.0,-0.9969378007571694,0.0,1.2163957792920086,0.0,0.0,0.0,0.1181474480151229,1.001191895113239,0.832936696811043,-0.6565064478311768,1.1677792344754556,1.0,0.0,0.0,0.0,0.6408163265306162,0.0,1.0,0.5,0.0,0.8795953554787538,1,200,0.8795953554787538,NEUTRAL,0.3954853848828181,0.3374932309490986,0.3909879364193713,0.5361897800022761,0.0044974484634467,0.0,0.1181474480151229,,,,,,,,,,,,,,,,,,,,,,,,,,,,,,,,,,,,,,,,,,,,,,,,,,,,,,,,,,,
2026-07-19T20:29:53.434312+00:00,HYPEUSDT,61.097,0.082,1.733817350259232,1.1971880607431005,1,-0.0032733759963261,1.4007601281264024,45.30019024726531,0.0,0.3548984495505114,0.0,0.0,0.082,0.0,1.1971880607431005,1.0,1.733817350259232,0.0,1.0,0.0,-0.0834041996467618,-0.0032733759963261,1.4007601281264024,2.2578161612104237,-1.4073528409192289,0.0,0.0,0.0,0.0,0.4300731175110118,0.0,0.0,0.5,0.0,0.8795953554787538,1,196,0.8795953554787538,NEUTRAL,0.1675040552636984,0.5308596731769674,0.4277650041385118,0.8325195151721918,-0.2602609488748133,0.0,-0.0834041996467618,,,,,,,,,,,,,,,,,,,,,,,,,,,,,,,,,,,,,,,,,,,,,,,,,,,,,,,,,,,
2026-07-19T20:29:53.434312+00:00,ZECUSDT,550.3,0.072,2.30950519618562,0.9987960835891708,1,-0.9860016553312496,-1.5034902452121155,52.08515098636923,0.0,-0.8350187589351501,0.0,1.0,0.072,0.0,0.9987960835891708,1.0,2.30950519618562,0.0,1.0,0.0,0.0454504135987637,-0.9860016553312496,-1.5034902452121155,0.5022372386083462,-0.4633598081860782,0.0,1.0,0.0,0.0,0.252561057145989,1.0,0.0,0.5,0.0,0.8795953554787538,1,200,0.8795953554787538,NEUTRAL,0.2356595248150313,0.3725856806896914,0.6411949090251198,1.762668201252847,-0.4055353842100884,0.0,0.0454504135987637,,,,,,,,,,,,,,,,,,,,,,,,,,,,,,,,,,,,,,,,,,,,,,,,,,,,,,,,,,,
2026-07-19T20:29:53.434312+00:00,USD1USDT,0.99983,0.101,0.0164430033873525,1.6928082187588211e-06,0,0.0070016804032982,-0.020999160033603,51.58565611486185,0.0,-1.4398047192919975e-05,0.0,0.0,0.101,0.0,1.6928082187588211e-06,1.0,0.0164430033873525,0.0,0.0,0.0,0.0020003800722157,0.0070016804032982,-0.020999160033603,-0.0070007000700084,0.0350005604481022,1.0,0.0,0.0,1.0,0.4538461538462143,0.0,0.0,0.5,0.0,0.8795953554787538,1,200,0.8795953554787538,NEUTRAL,0.0877672408711695,0.0364431619108492,-0.1404218240951144,-0.0024865364140329,0.228189064966284,0.0,0.0020003800722157,,,,,,,,,,,,,,,,,,,,,,,,,,,,,,,,,,,,,,,,,,,,,,,,,,,,,,,,,,,
2026-07-19T20:29:53.434312+00:00,DRAMBUSDT,52.95,0.137,2.190352830987436,1.5791339317169288,1,0.5889057750759922,2.1806252412196114,45.32146757339057,0.0,0.3993635333714105,0.0,0.0,0.137,0.0,1.5791339317169288,1.0,2.190352830987436,0.0,1.0,0.0,-0.0566251415628426,0.5889057750759922,2.1806252412196114,1.495112133410008,-0.9934948424462008,0.0,0.0,0.0,0.0,0.4837847798046782,0.0,0.0,0.5,0.0,0.8795953554787538,1,70,0.8795953554787538,NEUTRAL,-0.2101889564668311,0.2397016092493968,0.272241497335481,0.9272526422365084,-0.4824304538023121,0.0,-0.0566251415628426,,,,,,,,,,,,,,,,,,,,,,,,,,,,,,,,,,,,,,,,,,,,,,,,,,,,,,,,,,,
2026-07-19T20:29:53.434312+00:00,USDCUSDT,1.00061,0.012,0.0130393589669723,-0.0057353875236195,1,-0.0009993803841683,0.0079957622460176,48.99863510665664,0.0,1.6863988326224528e-06,0.0,-1.0,0.012,0.0,-0.0057353875236195,0.0,0.0130393589669723,0.0,1.0,0.0,-0.0009993803841683,-0.0009993803841683,0.0079957622460176,0.0039977212988636,-0.0099946129109437,0.0,0.0,0.0,1.0,0.3397435897431638,0.0,0.0,0.5,0.0,0.8795953554787538,1,200,0.8795953554787538,NEUTRAL,-0.4647464083194241,-0.5089979274991286,-0.4255905878010039,-0.0064516623822684,-0.0391558205184202,0.0,-0.0009993803841683,,,,,,,,,,,,,,,,,,,,,,,,,,,,,,,,,,,,,,,,,,,,,,,,,,,,,,,,,,,
2026-07-19T20:29:53.434312+00:00,BANKUSDT,0.2289,0.191,10.471930948827533,87.62123127407463,0,22.53747323340471,105.8453237410072,82.23550938786452,-1.0,0.0150724068463478,0.0,1.0,0.191,0.0,87.62123127407463,1.0,10.471930948827533,1.0,0.0,1.0,-0.478260869565225,22.53747323340471,105.8453237410072,224.6808510638298,-45.44813827738666,0.0,1.0,1.0,0.0,0.5335930153851784,0.0,0.0,0.5,0.0,0.8795953554787538,1,200,0.8795953554787538,NEUTRAL,-0.241820307114932,0.0142693161521745,0.0229988654185524,0.4903239403525912,-0.2648191725334844,0.0,-0.478260869565225,,,,,,,,,,,,,,,,,,,,,,,,,,,,,,,,,,,,,,,,,,,,,,,,,,,,,,,,,,,
2026-07-19T20:29:53.434312+00:00,XAUTUSDT,4013.2,0.115,0.3098206197414175,0.2200289417739503,1,0.1297405189620713,0.0423781627819972,46.61006609305358,0.0,2.4796834837379613,0.0,-1.0,0.115,0.0,0.2200289417739503,1.0,0.3098206197414175,0.0,1.0,0.0,-0.0249115639479846,0.1297405189620713,0.0423781627819972,0.1347372623384309,0.2169896776308984,0.0,0.0,0.0,1.0,0.6644647696477,0.0,0.0,0.5,0.0,0.8795953554787538,1,200,0.8795953554787538,NEUTRAL,-0.1184792209086535,-0.0108723249629919,0.4849939066503213,0.2120966668538099,-0.6034731275589749,0.0,-0.0249115639479846,,,,,,,,,,,,,,,,,,,,,,,,,,,,,,,,,,,,,,,,,,,,,,,,,,,,,,,,,,,
2026-07-19T20:29:53.434312+00:00,PAXGUSDT,4009.99,0.109,0.3228495476904448,0.1960451013683412,1,0.0818626753620737,-0.0570747804241084,45.55280818267115,0.0,2.3157537690275056,0.0,-1.0,0.109,0.0,0.1960451013683412,1.0,0.3228495476904448,0.0,1.0,0.0,-0.0112207139366322,0.0818626753620737,-0.0570747804241084,0.0973517819120298,0.2206864862626132,0.0,0.0,0.0,1.0,0.5358104641166743,0.0,0.0,0.5,0.0,0.8795953554787538,1,200,0.8795953554787538,NEUTRAL,0.0010365262107424,0.0062347719594267,0.500928603006024,0.2300227539976211,-0.4998920767952816,0.0,-0.0112207139366322,,,,,,,,,,,,,,,,,,,,,,,,,,,,,,,,,,,,,,,,,,,,,,,,,,,,,,,,,,,
2026-07-19T20:29:53.434312+00:00,TLMUSDT,0.002564,0.198,8.132854475480165,29.43239075841243,0,21.172022684310026,45.10469722693831,73.22678660718296,0.0,0.0001463147528834,0.0,0.0,0.198,0.0,29.43239075841243,1.0,8.132854475480165,1.0,0.0,1.0,-2.9890276201286445,21.172022684310026,45.10469722693831,84.19540229885057,1.4210323051362863,0.0,0.0,1.0,0.0,0.5534590788907334,0.0,0.0,0.5,0.0,0.8795953554787538,1,200,0.8795953554787538,NEUTRAL,0.2791018372340104,0.1574586247579117,0.1306010828264655,1.552544868277874,0.1485007544075448,0.0,-2.9890276201286445,,,,,,,,,,,,,,,,,,,,,,,,,,,,,,,,,,,,,,,,,,,,,,,,,,,,,,,,,,,
2026-07-19T20:29:53.434312+00:00,OPNUSDT,0.0616,0.026,2.864245226869913,-1.53497820898537,1,-0.6451612903225767,-2.839116719242896,46.36782650847784,0.0,-1.2965109720865432e-05,0.0,-1.0,0.026,0.0,-1.53497820898537,0.0,2.864245226869913,0.0,1.0,0.0,0.0,-0.6451612903225767,-2.839116719242896,-0.4846526655896522,1.5630406024219006,0.0,1.0,0.0,0.0,0.2916666666666669,1.0,0.0,0.5,0.0,0.8795953554787538,1,200,0.8795953554787538,NEUTRAL,0.7085192424735239,0.0929958799706617,-0.0124530894799808,-0.038357965842701,0.7209723319535047,0.0,0.0,,,,,,,,,,,,,,,,,,,,,,,,,,,,,,,,,,,,,,,,,,,,,,,,,,,,,,,,,,,
2026-07-19T20:29:53.434312+00:00,REUSDT,0.3933,0.007,5.456162718981961,-9.77121588379934,0,-0.7570022710068137,-0.6316321374431537,32.25384759682959,0.0,0.0008063351468849,0.0,0.0,0.007,0.0,-9.77121588379934,0.0,5.456162718981961,0.0,0.0,0.0,-1.056603773584915,-0.7570022710068137,-0.6316321374431537,-12.111731843575424,-0.8833286984954445,0.0,0.0,0.0,0.0,0.5177010489510501,0.0,0.0,0.5,0.0,0.8795953554787538,1,183,0.8795953554787538,NEUTRAL,0.2448592358199501,0.1966189543774869,0.3628963933943114,1.3935605048005346,-0.1180371575743613,0.0,-1.056603773584915,,,,,,,,,,,,,,,,,,,,,,,,,,,,,,,,,,,,,,,,,,,,,,,,,,,,,,,,,,,
2026-07-19T20:29:53.434312+00:00,HYPERUSDT,0.0669,0.128,2.170818549806427,-3.48754976135387,1,-4.428571428571436,-3.043478260869572,35.30911786409132,0.0,-0.0002031233857481,1.0,-1.0,0.128,0.0,-3.48754976135387,0.0,2.170818549806427,0.0,1.0,0.0,-1.7621145374449234,-4.428571428571436,-3.043478260869572,-3.4632034632034623,-5.877846790890278,0.0,0.0,0.0,0.0,0.4135843484680702,0.0,0.0,0.5,0.0,0.8795953554787538,1,200,0.8795953554787538,NEUTRAL,0.194297603026841,0.3059698898514048,0.5141204716022421,0.876062727996275,-0.3198228685754011,0.0,-1.7621145374449234,,,,,,,,,,,,,,,,,,,,,,,,,,,,,,,,,,,,,,,,,,,,,,,,,,,,,,,,,,,
2026-07-19T20:29:53.434312+00:00,GOOGLBUSDT,347.49,0.124,0.906215401608294,-0.4359966114126249,1,0.1354388796034889,0.2712451305727882,38.68842994010792,0.0,0.2080124127612657,0.0,0.0,0.124,0.0,-0.4359966114126249,0.0,0.906215401608294,0.0,1.0,0.0,-0.0287695273166563,0.1354388796034889,0.2712451305727882,0.2943977833578612,-0.000183685682897,0.0,0.0,0.0,0.0,0.3257937491324331,1.0,0.0,0.5,0.0,0.8795953554787538,1,65,0.8795953554787538,NEUTRAL,-0.0638184079786666,0.2053267268011359,0.3689292619659259,0.5570771428385403,-0.4327476699445925,0.0,-0.0287695273166563,,,,,,,,,,,,,,,,,,,,,,,,,,,,,,,,,,,,,,,,,,,,,,,,,,,,,,,,,,,
2026-07-19T20:29:53.434312+00:00,WLFIUSDT,0.0575,0.158,1.1709252814795883,0.4193736733056042,1,1.2323943661971817,0.8771929824561412,52.36735647342276,0.0,5.3304476412208745e-05,0.0,0.0,0.158,0.0,0.4193736733056042,1.0,1.1709252814795883,0.0,1.0,0.0,-0.519031141868503,1.2323943661971817,0.8771929824561412,0.700525394045542,1.5832715591796358,0.0,0.0,0.0,1.0,0.5618686868686832,0.0,0.0,0.5,0.0,0.8795953554787538,1,200,0.8795953554787538,NEUTRAL,-0.3654736899969291,0.1086222694918736,0.1379632948390637,0.1304297243330902,-0.503436984835993,0.0,-0.519031141868503,,,,,,,,,,,,,,,,,,,,,,,,,,,,,,,,,,,,,,,,,,,,,,,,,,,,,,,,,,,
2026-07-19T20:29:53.434312+00:00,BRUSDT,0.15571,0.135,3.941983036521399,2.849191780920594,0,0.1865911723072865,-8.599436487438378,55.49583033539543,0.0,9.977462241437912e-05,0.0,0.0,0.135,0.0,2.849191780920594,1.0,3.941983036521399,0.0,0.0,0.0,0.4580645161290248,0.1865911723072865,-8.599436487438378,3.255968169761272,8.956255412739317,1.0,0.0,1.0,0.0,0.3447390561049571,0.0,0.0,0.5,0.0,0.8795953554787538,1,200,0.8795953554787538,NEUTRAL,0.6234932637476174,0.2519925414549553,0.1466017219429342,0.5253629748622506,0.4768915418046831,0.0,0.4580645161290248,,,,,,,,,,,,,,,,,,,,,,,,,,,,,,,,,,,,,,,,,,,,,,,,,,,,,,,,,,,
2026-07-19T20:29:53.434312+00:00,ESPUSDT,0.07077,0.176,2.225321348514566,-3.1844507732175864,0,-0.5760044956448352,-0.8684689732455465,43.64124295310823,0.0,-0.0004925465593183,0.0,0.0,0.176,0.0,-3.1844507732175864,0.0,2.225321348514566,0.0,0.0,0.0,-0.5620345651257519,-0.5760044956448352,-0.8684689732455465,-5.815810487090762,-0.2818456498681131,1.0,0.0,0.0,0.0,0.2888888888888873,0.0,0.0,0.5,0.0,0.8795953554787538,1,200,0.8795953554787538,NEUTRAL,-0.4775045285408983,0.1481744704955013,0.0224111204564759,0.0495519091147911,-0.4999156489973743,0.0,-0.5620345651257519,,,,,,,,,,,,,,,,,,,,,,,,,,,,,,,,,,,,,,,,,,,,,,,,,,,,,,,,,,,
2026-07-19T20:29:53.434312+00:00,SOXLBUSDT,129.91,0.058,4.144483244486649,-2.093088993537404,1,-1.448945531785766,-2.8492372120849554,33.628071020944375,0.0,1.2679596483466895,0.0,0.0,0.058,0.0,-2.093088993537404,0.0,4.144483244486649,0.0,1.0,0.0,0.0616190402834353,-1.448945531785766,-2.8492372120849554,-3.1100835322195817,-0.0280660821895908,0.0,0.0,0.0,0.0,0.3396273270737836,1.0,0.0,0.5,0.0,0.8795953554787538,1,65,0.8795953554787538,NEUTRAL,0.2853084662878238,0.4593626462290211,0.1340596270044897,0.6918670686778868,0.1512488392833341,0.0,0.0616190402834353,,,,,,,,,,,,,,,,,,,,,,,,,,,,,,,,,,,,,,,,,,,,,,,,,,,,,,,,,,,
2026-07-19T20:29:53.434312+00:00,WCTUSDT,0.04137,0.118,1.7081909442259515,-2.1802169416635664,0,-0.8151522416686646,-1.217765042979951,38.41913011685758,0.0,-5.452250212850099e-05,0.0,-1.0,0.118,0.0,-2.1802169416635664,0.0,1.7081909442259515,0.0,0.0,0.0,0.4126213592232925,-0.8151522416686646,-1.217765042979951,-3.4764349043397225,-0.4092305606753421,0.0,0.0,0.0,0.0,0.4943021616541243,0.0,1.0,0.5,0.0,0.8795953554787538,1,200,0.8795953554787538,NEUTRAL,0.1189626513381024,0.1891818067487382,0.5057808024984249,0.7597397632790037,-0.3868181511603225,0.0,0.4126213592232925,,,,,,,,,,,,,,,,,,,,,,,,,,,,,,,,,,,,,,,,,,,,,,,,,,,,,,,,,,,
2026-07-19T20:29:53.434312+00:00,HOMEUSDT,0.00771,0.108,9.92790778723348,-6.799298151426121,0,-6.884057971014486,6.934812760055473,35.76197543049612,0.0,0.0002068461165241,0.0,-1.0,0.108,0.0,-6.799298151426121,0.0,9.92790778723348,0.0,0.0,0.0,-1.1538461538461513,-6.884057971014486,6.934812760055473,-7.775119617224875,-21.724557277533197,0.0,0.0,0.0,0.0,0.4109977324263034,0.0,0.0,0.5,0.0,0.8795953554787538,1,200,0.8795953554787538,NEUTRAL,-0.3505483317126605,0.2040660707348899,0.0284444903110213,0.2485019846640244,-0.3789928220236818,0.0,-1.1538461538461513,,,,,,,,,,,,,,,,,,,,,,,,,,,,,,,,,,,,,,,,,,,,,,,,,,,,,,,,,,,
2026-07-19T20:29:53.434312+00:00,RECALLUSDT,0.03892,0.124,3.2488911165748937,6.566850204620257,0,1.327779224160384,3.4281158650013457,72.13590731613064,0.0,0.0001821753050726,0.0,1.0,0.124,0.0,6.566850204620257,1.0,3.2488911165748937,0.0,0.0,0.0,0.0257003341043512,1.327779224160384,3.4281158650013457,6.571741511500566,-0.7450350197939155,1.0,0.0,1.0,0.0,0.2993065090282735,1.0,0.0,0.5,0.0,0.8795953554787538,1,200,0.8795953554787538,NEUTRAL,-0.1825395755151149,0.189584568906743,0.2695394384077913,0.7105913112169575,-0.4520790139229063,0.0,0.0257003341043512,,,,,,,,,,,,,,,,,,,,,,,,,,,,,,,,,,,,,,,,,,,,,,,,,,,,,,,,,,,
2026-07-19T20:29:53.434312+00:00,HBARUSDT,0.06651,0.096,0.9543039000963808,-0.0662755023155058,1,-0.3147482014388517,-0.8940545373267819,45.71461289786799,0.0,6.214836879781641e-05,0.0,-1.0,0.096,0.0,-0.0662755023155058,0.0,0.9543039000963808,0.0,1.0,0.0,0.1053582179410003,-0.3147482014388517,-0.8940545373267819,0.9256449165402116,0.2663872478235554,0.0,0.0,0.0,1.0,0.4151382879605997,0.0,0.0,0.5,0.0,0.8795953554787538,1,200,0.8795953554787538,NEUTRAL,0.5444067777486445,0.6642709095398633,0.6206627652639766,0.5825163281147506,-0.076255987515332,0.0,0.1053582179410003,,,,,,,,,,,,,,,,,,,,,,,,,,,,,,,,,,,,,,,,,,,,,,,,,,,,,,,,,,,
2026-07-19T20:29:53.434312+00:00,BILLUSDT,0.02526,0.139,10.363535782560657,0.346705088375794,1,-7.166482910694598,0.4373757455268487,40.511689906518,0.0,0.0009242146736208,0.0,-1.0,0.139,0.0,0.346705088375794,1.0,10.363535782560657,0.0,1.0,0.0,0.2380952380952421,-7.166482910694598,0.4373757455268487,8.73869995695222,-15.357337781469958,0.0,0.0,0.0,0.0,0.4543247205424233,0.0,0.0,0.5,0.0,0.8795953554787538,1,200,0.8795953554787538,NEUTRAL,0.1764422412882014,0.4618885012236993,-0.1947390185779931,-2.3600413454746243,0.3711812598661946,0.0,0.2380952380952421,,,,,,,,,,,,,,,,,,,,,,,,,,,,,,,,,,,,,,,,,,,,,,,,,,,,,,,,,,,
2026-07-19T20:29:53.434312+00:00,NBISBUSDT,178.01,0.089,2.6679769625574417,2.7338381121339173,1,2.3634272570442696,3.656903278402144,46.14460169986258,0.0,1.6891979808180926,0.0,0.0,0.089,0.0,2.7338381121339173,1.0,2.6679769625574417,0.0,1.0,0.0,0.7356686095863182,2.3634272570442696,3.656903278402144,-0.2130164246874799,1.0998157739021186,0.0,0.0,0.0,0.0,0.6909083853840504,0.0,2.0,0.5,0.0,0.8795953554787538,1,65,0.8795953554787538,NEUTRAL,-0.3707603659863107,0.109070035900527,-0.1676821249500091,-0.6153768121567914,-0.2030782410363016,0.0,0.7356686095863182,,,,,,,,,,,,,,,,,,,,,,,,,,,,,,,,,,,,,,,,,,,,,,,,,,,,,,,,,,,
2026-07-19T20:29:53.434312+00:00,QCOMBUSDT,170.89,0.114,1.2751322387974344,0.2385033666510753,1,-0.052637735407652,-0.5007278020378536,41.37593934976144,0.0,0.5146418366212013,0.0,0.0,0.114,0.0,0.2385033666510753,1.0,1.2751322387974344,0.0,1.0,0.0,-0.3556851311953432,-0.052637735407652,-0.5007278020378536,-0.5238954537516769,0.3956883199053088,0.0,0.0,0.0,1.0,0.3612746902220536,0.0,0.0,0.5,0.0,0.8795953554787538,1,70,0.8795953554787538,NEUTRAL,0.3471232906115677,0.7250027336571975,-0.1754710868872466,-0.2652933147552229,0.5225943774988144,0.0,-0.3556851311953432,,,,,,,,,,,,,,,,,,,,,,,,,,,,,,,,,,,,,,,,,,,,,,,,,,,,,,,,,,,
2026-07-19T20:29:53.434312+00:00,GLWBUSDT,159.0,0.106,2.304606172950665,2.991612362799396,1,0.4421983575489505,5.732145232078737,45.62633030061484,0.0,1.9661723639740585,0.0,0.0,0.106,0.0,2.991612362799396,1.0,2.304606172950665,0.0,1.0,0.0,0.0629326620516012,0.4421983575489505,5.732145232078737,3.213242453748776,-4.824459442690453,0.0,0.0,0.0,0.0,0.5210714781984543,1.0,0.0,0.5,0.0,0.8795953554787538,1,65,0.8795953554787538,NEUTRAL,-0.2691495292771342,0.071822893514972,-0.1405475776599553,-0.409675576183601,-0.1286019516171788,0.0,0.0629326620516012,,,,,,,,,,,,,,,,,,,,,,,,,,,,,,,,,,,,,,,,,,,,,,,,,,,,,,,,,,,
2026-07-19T20:29:53.434312+00:00,CBRSBUSDT,169.36,0.117,2.291586861888543,-2.046838688633582,1,-1.7006210459109514,0.1715265866209383,33.11400888867436,1.0,0.8362038009884234,1.0,0.0,0.117,0.0,-2.046838688633582,0.0,2.291586861888543,0.0,1.0,0.0,-0.1827076088878257,-1.7006210459109514,0.1715265866209383,-1.500523438408738,-3.60515762839158,0.0,0.0,0.0,0.0,0.4315789473684178,0.0,0.0,0.5,0.0,0.8795953554787538,1,65,0.8795953554787538,NEUTRAL,-0.5144638360672894,0.1868923847621712,-0.2351082220162618,-0.7141447698590377,-0.2793556140510276,0.0,-0.1827076088878257,,,,,,,,,,,,,,,,,,,,,,,,,,,,,,,,,,,,,,,,,,,,,,,,,,,,,,,,,,,
2026-07-19T20:29:53.434312+00:00,XLMUSDT,0.1911,0.086,1.5515169219831753,2.253658993385197,1,1.5409139213602474,1.7571884984025543,62.22757130605752,0.0,0.000535569038203,0.0,0.0,0.086,0.0,2.253658993385197,1.0,1.5515169219831753,0.0,1.0,0.0,0.209753539590972,1.5409139213602474,1.7571884984025543,3.0188679245282986,1.3279213760993254,0.0,1.0,0.0,0.0,0.4782945736434068,1.0,0.0,0.5,0.0,0.8795953554787538,1,200,0.8795953554787538,NEUTRAL,-0.0626861074835342,0.5053243454909655,0.5670154100041149,0.8495923150587064,-0.6297015174876492,0.0,0.209753539590972,,,,,,,,,,,,,,,,,,,,,,,,,,,,,,,,,,,,,,,,,,,,,,,,,,,,,,,,,,,
2026-07-19T20:29:53.434312+00:00,SPYBUSDT,745.66,0.152,0.4115420971849563,-0.0111908561958075,1,-0.0683490357425239,0.1100907577466216,44.27508602648587,0.0,0.3314510252992051,0.0,0.0,0.152,0.0,-0.0111908561958075,0.0,0.4115420971849563,0.0,1.0,0.0,-0.0281550404225986,-0.0683490357425239,0.1100907577466216,0.2123427588431253,-0.2469108745266826,0.0,0.0,0.0,1.0,0.2717750053370567,0.0,0.0,0.5,0.0,0.8795953554787538,1,70,0.8795953554787538,NEUTRAL,-0.0966815210739397,0.1586169657727858,0.2986477445035643,0.0824527764774399,-0.3953292655775041,0.0,-0.0281550404225986,,,,,,,,,,,,,,,,,,,,,,,,,,,,,,,,,,,,,,,,,,,,,,,,,,,,,,,,,,,
2026-07-19T20:29:53.434312+00:00,GROVEUSDT,0.012226,0.145,5.385408262677625,-4.621691091456874,1,-0.4072987943955661,-0.7065702915617521,27.713015072667133,1.0,0.0001891694284931,1.0,0.0,0.145,0.0,-4.621691091456874,0.0,5.385408262677625,0.0,1.0,0.0,0.2295458271847864,-0.4072987943955661,-0.7065702915617521,-3.3059158494147414,-0.1068033830417218,0.0,0.0,0.0,0.0,0.2966811353480563,0.0,0.0,0.5,0.0,0.8795953554787538,1,70,0.8795953554787538,NEUTRAL,-0.1636183851283036,0.0805469400805188,-0.1384514216188334,-0.7105131132990937,-0.0251669635094702,0.0,0.2295458271847864,,,,,,,,,,,,,,,,,,,,,,,,,,,,,,,,,,,,,,,,,,,,,,,,,,,,,,,,,,,
2026-07-19T20:29:53.434312+00:00,FDUSDUSDT,0.9986,0.03,0.0364093946976314,0.0466577888594126,0,0.0500951808436084,0.0601202404809664,67.83304771644485,0.0,6.733235582436674e-05,0.0,0.0,0.03,0.0,0.0466577888594126,1.0,0.0364093946976314,0.0,0.0,1.0,0.0100150225337995,0.0500951808436084,0.0601202404809664,0.0701473093496376,0.0400751407634492,0.0,0.0,0.0,1.0,0.5320512820513007,0.0,1.0,0.5,0.0,0.8795953554787538,1,200,0.8795953554787538,NEUTRAL,-0.0024799186486106,0.0327475673376135,0.2482833895425678,0.0064788815263342,-0.2507633081911784,0.0,0.0100150225337995,,,,,,,,,,,,,,,,,,,,,,,,,,,,,,,,,,,,,,,,,,,,,,,,,,,,,,,,,,,
2026-07-19T20:29:53.434312+00:00,VVVUSDT,11.484,0.111,3.166312730454792,2.453530581214581,0,-1.8041898247114176,-3.006756756756756,53.930525209616064,-1.0,0.0097654459261993,0.0,0.0,0.111,0.0,2.453530581214581,1.0,3.166312730454792,0.0,0.0,0.0,0.5428121169672508,-1.8041898247114176,-3.006756756756756,2.627345844504026,-0.5795276625492591,0.0,0.0,1.0,0.0,0.490375208042028,0.0,1.0,0.5,0.0,0.8795953554787538,1,200,0.8795953554787538,NEUTRAL,0.5527616956792336,0.6983539204607164,0.4621645644570351,1.563055063363193,0.0905971312221984,0.0,0.5428121169672508,,,,,,,,,,,,,,,,,,,,,,,,,,,,,,,,,,,,,,,,,,,,,,,,,,,,,,,,,,,
2026-07-19T20:29:53.434312+00:00,GUSDT,0.00348,0.243,6.539402223783336,-4.623007454222186,0,-9.375000000000002,1.7543859649122855,51.30730022182073,0.0,1.597613019153274e-05,-1.0,1.0,0.243,0.0,-4.623007454222186,0.0,6.539402223783336,1.0,0.0,0.0,0.5780346820809263,-9.375000000000002,1.7543859649122855,3.2640949554896097,-21.655701754385973,1.0,0.0,0.0,0.0,0.450673680324843,0.0,0.0,0.5,0.0,0.8795953554787538,1,200,0.8795953554787538,NEUTRAL,-0.2357662329373171,0.0023480547449825,0.1932895389302464,0.6906104737341622,-0.4290557718675635,0.0,0.5780346820809263,,,,,,,,,,,,,,,,,,,,,,,,,,,,,,,,,,,,,,,,,,,,,,,,,,,,,,,,,,,
2026-07-19T20:29:53.434312+00:00,ZEREBROUSDT,0.043274,0.124,3.2598035476693794,25.084479015131063,0,13.93891521853607,27.746125461254607,83.43288554922755,1.0,0.001169622837591,1.0,0.0,0.124,0.0,25.084479015131063,1.0,3.2598035476693794,1.0,0.0,1.0,0.0231139053254508,13.93891521853607,27.746125461254607,29.65604026845636,1.8208340377242715,0.0,0.0,1.0,0.0,0.727133049400065,0.0,0.0,0.5,0.0,0.8795953554787538,1,200,0.8795953554787538,NEUTRAL,-0.4862736679875845,-0.1227849502173039,0.0422749429255631,0.1732938866571498,-0.5285486109131476,0.0,0.0231139053254508,,,,,,,,,,,,,,,,,,,,,,,,,,,,,,,,,,,,,,,,,,,,,,,,,,,,,,,,,,,
2026-07-19T20:49:04.657430+00:00,MNTUSDT,0.4245,0.191,1.2309299147912396,-0.8072018517916875,0,1.1918951132300368,1.0233222275107021,48.55511107396715,0.0,-0.00025796863471571154,0.0,-1.0,0.191,0.0,-0.8072018517916875,0.0,1.2309299147912396,0.0,0.0,0.0,0.30718336483931186,1.1918951132300368,1.0233222275107021,-0.4689331770222747,1.3584824525922534,1.0,0.0,0.0,0.0,0.6500755857898692,0.0,1.0,0.5,0.0,0.8847571164651251,1,200,0.8847571164651251,NEUTRAL,,,,,,,,0.38723558357167753,0.33800857769088577,0.3908245562943353,0.5364598248003761,-0.0035889727226577905,0.0,0.30718336483931186,50.0,25.0,0.5232033685841584,0.0,0.0,0.0,0.391,80.30624263839803,0.34867999999999993,0.3086799999999999,0.9846878680800983,2.096584216725564,3.2084805653710293,4.791519434628981,0.612,37.0,0.0,1.0,0.0,correction,none,down,fib_0.236,below,red,bullish,0.0,,,,,,,,,,,,,,,,,,,,,,,,,
2026-07-19T20:49:04.657430+00:00,HYPEUSDT,61.428,0.15,1.759358855760328,1.7383727115234555,1,0.5384703513969142,1.950110367948479,47.67214124091033,0.0,0.3760220962741574,0.0,0.0,0.15,0.0,1.7383727115234555,1.0,1.759358855760328,0.0,1.0,0.0,0.457905409825332,0.5384703513969142,1.950110367948479,2.8118096003213493,-0.8656091135259885,0.0,0.0,0.0,0.0,0.5313770238285273,0.0,0.0,0.5,0.0,0.8847571164651251,1,196,0.8847571164651251,NEUTRAL,,,,,,,,0.16129949943170158,0.5298978909789355,0.42713405811242217,0.8332518228558297,-0.2658345586807206,0.0,0.457905409825332,60.0,48.0,0.402,0.97,0.897,1.0,0.952,69.61813830826334,41.122333999999995,30.485333999999998,1.5763723383473311,3.6196848342775305,5.662997330207729,8.572120205769354,3.036,32.0,0.0,1.0,0.0,impulse_5,wave_5_in_progress,down,fib_0.236,below,red,bullish,0.0,,,,,,,,,,,,,,,,,,,,,,,,,
2026-07-19T20:49:04.657430+00:00,ZECUSDT,552.09,0.085,2.302017260701963,1.326020935336663,1,-0.6639317715642774,-1.1831036334347618,53.23809116356277,0.0,-0.7207851407015209,0.0,1.0,0.085,0.0,1.326020935336663,1.0,2.302017260701963,0.0,1.0,0.0,0.37087537496592626,-0.6639317715642774,-1.1831036334347618,0.8291480230116113,-0.14128992441910604,0.0,1.0,0.0,0.0,0.3622424296950146,0.0,0.0,0.5,0.0,0.8847571164651251,1,200,0.8847571164651251,NEUTRAL,,,,,,,,0.23247549446919089,0.37308837880333284,0.6413066682202233,1.763048671353931,-0.4088311737510324,0.0,0.37087537496592626,50.0,25.0,0.4110077462545564,0.0,0.0,0.0,0.066,98.67869369124605,749.8652600000001,848.9352600000002,0.06606531543769736,2.1835208027676556,4.300976290097634,7.315658678838598,4.719,100.0,1.0,0.0,0.0,correction,none,up,fib_0.382,above,green,bullish,0.0,,,,,,,,,,,,,,,,,,,,,,,,,
2026-07-19T20:49:04.657430+00:00,USD1USDT,0.99984,0.144,0.01644283893100569,0.001000042358105254,0,0.008001920460907516,-0.019999200032007617,52.033445390886016,0.0,-1.375987055471866e-05,0.0,0.0,0.144,0.0,0.001000042358105254,1.0,0.01644283893100569,0.0,0.0,0.0,0.0030005701083180296,0.008001920460907516,-0.019999200032007617,-0.0060006000600120015,0.03600080050571152,1.0,0.0,0.0,1.0,0.5205128205125849,0.0,0.0,0.5,0.0,0.8847571164651251,1,200,0.8847571164651251,NEUTRAL,,,,,,,,0.0873374976985244,0.03699025375391045,-0.14025650148030455,-0.0024846310876407277,0.22759399917882894,0.0,0.0030005701083180296,50.0,0.0,0.5,0.0,0.0,0.0,0.0,99.99411905904944,1.0015029399999997,1.0023329399999996,0.00029404704752828716,0.009501520243234541,0.01929708753399737,0.03324331893101996,0.001,63.0,1.0,0.0,0.0,none,none,up,fib_0.382,above,red,bearish,0.0,,,,,,,,,,,,,,,,,,,,,,,,,
2026-07-19T20:49:04.657430+00:00,DRAMBUSDT,52.96,0.21,2.1912879715297087,1.5921768620653716,1,0.6079027355623106,2.1999228097259755,45.37110463410731,0.0,0.4000017100095925,0.0,0.0,0.21,0.0,1.5921768620653716,1.0,2.1912879715297087,0.0,1.0,0.0,-0.03775009437522843,0.6079027355623106,2.1999228097259755,1.5142802376844913,-0.9744978819598824,0.0,0.0,0.0,0.0,0.4686332646531553,0.0,0.0,0.5,0.0,0.8847571164651251,1,70,0.8847571164651251,NEUTRAL,,,,,,,,-0.21115358078390306,0.23976736352338093,0.2722602190606629,0.9273307402299582,-0.48341379984456595,0.0,-0.03775009437522843,75.0,60.0,0.258,0.883,0.702,0.0,1.299,63.25245468277949,24.36909999999999,9.319099999999992,2.8495090634441023,6.202794561933541,9.556080060422953,14.330249244712995,0.0,50.0,0.0,0.0,0.0,impulse_5_down,wave_5_in_progress_down,down,fib_0.236,neutral,neutral,neutral,0.0,,,,,,,,,,,,,,,,,,,,,,,,,
2026-07-19T20:49:04.657430+00:00,USDCUSDT,1.00061,0.025,0.013039358966972326,-0.005731579203734714,1,-0.0009993803841683666,0.00799576224601761,48.998635106656636,0.0,1.6863988326224528e-06,0.0,-1.0,0.025,0.0,-0.005731579203734714,0.0,0.013039358966972326,0.0,1.0,0.0,-0.0009993803841683666,-0.0009993803841683666,0.00799576224601761,0.003997721298863648,-0.009994612910943728,0.0,0.0,0.0,1.0,0.3397435897431638,0.0,0.0,0.5,0.0,0.8847571164651251,1,200,0.8847571164651251,NEUTRAL,,,,,,,,-0.4655191892139498,-0.5090851195343844,-0.42560733890080077,-0.006451876917883623,-0.03991185031314903,0.0,-0.0009993803841683666,50.0,0.0,0.5,0.0,0.0,0.0,0.002,99.61399546276762,0.9984831199999998,0.9973231199999998,0.01930022686161907,0.03297988227180834,0.04665953768199761,0.06613565724906255,0.008,58.0,0.0,1.0,0.0,none,none,down,fib_0.236,below,green,bullish,0.0,,,,,,,,,,,,,,,,,,,,,,,,,
2026-07-19T20:49:04.657430+00:00,BANKUSDT,0.2248,0.25,10.662922572004547,83.82130953695925,0,20.342612419700217,102.15827338129498,80.61381763847174,-1.0,0.014810754424695465,0.0,1.0,0.25,0.0,83.82130953695925,1.0,10.662922572004547,1.0,0.0,1.0,-2.2608695652173956,20.342612419700217,102.15827338129498,218.86524822695037,-47.642999091091156,0.0,1.0,1.0,0.0,0.5335930153851783,0.0,0.0,0.5,0.0,0.8847571164651251,1,200,0.8847571164651251,NEUTRAL,,,,,,,,-0.24143113844850494,0.013540613072586924,0.022810295910326676,0.48680923791895103,-0.26424143435883163,0.0,-2.2608695652173956,50.0,25.0,0.3723722687182129,0.0,0.0,0.0,4.181,0.0,0.5508426,0.7465426,29.073576512455517,39.346085409252666,49.618594306049815,64.24386120996442,1.123,93.0,1.0,0.0,0.0,correction,none,up,fib_0.000,above,green,bullish,1.0,0.7547391326934066,0.49052396878483384,0.0,0.0,0.0,0.0,0.0,1.0,5649.0999999999985,4319.5,0.0,0.0,unavailable,0.0,0.0,0.0,0.0,0.0,0.0,0.0,0.0,0.0,12.0,60.0,1.0
2026-07-19T20:49:04.657430+00:00,XAUTUSDT,4013.0,0.184,0.3101920464926057,0.21421540389290533,1,0.124750499001996,0.03739249657235448,46.48588685698831,0.0,2.4669199509749777,0.0,-1.0,0.184,0.0,0.21421540389290533,1.0,0.3101920464926057,0.0,1.0,0.0,-0.029893876737577058,0.124750499001996,0.03739249657235448,0.1297469933629377,0.21199965767082313,0.0,0.0,0.0,1.0,0.6644647696477,0.0,0.0,0.5,0.0,0.8847571164651251,1,200,0.8847571164651251,NEUTRAL,,,,,,,,-0.11846911897579107,-0.010960717385874827,0.4849952999569327,0.2120917997591197,-0.6034644189327237,0.0,-0.029893876737577058,50.0,0.0,0.5,0.0,0.0,0.0,0.112,97.76167455768754,3734.2912,3592.6912,0.1119162721156226,0.5282830799900279,0.9446498878644445,1.537443309244953,0.647,37.0,0.0,1.0,0.0,none,none,down,fib_0.382,below,red,bullish,0.0,,,,,,,,,,,,,,,,,,,,,,,,,
2026-07-19T20:49:04.657430+00:00,PAXGUSDT,4009.56,0.183,0.32363238304033537,0.18455557456785077,1,0.071130678287171,-0.06779187893168609,45.29460828968397,0.0,2.2883121735858722,0.0,-1.0,0.183,0.0,0.18455557456785077,1.0,0.32363238304033537,0.0,1.0,0.0,-0.021942729476070184,0.071130678287171,-0.06779187893168609,0.08661812390634757,0.20995448918771042,0.0,0.0,0.0,1.0,0.5510814827439692,0.0,0.0,0.5,0.0,0.8847571164651251,1,200,0.8847571164651251,NEUTRAL,,,,,,,,0.0015421132404817867,0.0060476194702730615,0.5009479636870067,0.2300138890241326,-0.49940585044652486,0.0,-0.021942729476070184,50.0,0.0,0.5,0.0,0.0,0.0,0.196,96.08255269904934,3719.593620000001,3570.6836200000016,0.19587236504753303,0.6341094783467445,1.0723465916459674,1.6962773970211125,0.694,37.0,0.0,1.0,0.0,none,none,down,fib_0.382,below,red,bullish,0.0,,,,,,,,,,,,,,,,,,,,,,,,,
2026-07-19T20:49:04.657430+00:00,TLMUSDT,0.002479,0.292,8.555781255455425,25.003416114902354,0,17.155009451795845,40.294284097340125,69.80862234075622,0.0,0.0001408902514589102,0.0,0.0,0.292,0.0,25.003416114902354,1.0,8.555781255455425,1.0,0.0,0.0,-6.205069996216424,17.155009451795845,40.294284097340125,78.0890804597701,-2.5959809273778944,0.0,0.0,1.0,0.0,0.5588009592326137,0.0,0.0,0.5,0.0,0.8847571164651251,1,200,0.8847571164651251,NEUTRAL,,,,,,,,0.2754860044430521,0.15424829145091748,0.12940343446370542,1.5473133472034033,0.14608256997934668,0.0,-6.205069996216424,50.0,25.0,0.5116709609025223,0.0,0.0,0.0,2.771,0.0,0.005165348,0.006651348,11.5228721258572,18.59620814844696,25.669544171036694,35.74005647438482,32.362,42.0,0.0,0.0,1.0,correction,none,up,fib_0.236,inside,red,bearish,1.0,0.8277366247982558,0.326797385620923,0.0,0.0,1.0,0.3,0.0,99.0,-1692989.0,-2872787.0,0.0,0.0,unavailable,0.0,0.0,0.0,0.0,0.0,0.0,0.0,0.0,0.0,12.0,60.0,1.0
2026-07-19T20:49:04.657430+00:00,OPNUSDT,0.0619,0.047,2.8619029352095695,-1.0544708511073582,1,-0.1612903225806498,-2.3659305993690873,47.81750168846524,0.0,6.180189424435717e-06,0.0,-1.0,0.047,0.0,-1.0544708511073582,0.0,2.8619029352095695,0.0,1.0,0.0,0.4870129870129784,-0.1612903225806498,-2.3659305993690873,0.0,2.0469115701638274,0.0,1.0,0.0,0.0,0.4833333333333294,0.0,0.0,0.5,0.0,0.8847571164651251,1,200,0.8847571164651251,NEUTRAL,,,,,,,,0.6985674177325484,0.09400956946876748,-0.012230319490485662,-0.03769734080863393,0.7107977372230341,0.0,0.4870129870129784,50.0,25.0,0.3994990541501021,0.0,0.0,0.0,0.479,90.42326332794823,0.041796399999999984,0.03159639999999998,0.47883683360258844,2.4232633279483062,4.3676898222940235,7.136025848142181,3.393,17.0,0.0,1.0,0.0,correction,none,down,fib_0.382,below,red,bearish,0.0,,,,,,,,,,,,,,,,,,,,,,,,,
2026-07-19T20:49:04.657430+00:00,REUSDT,0.3953,0.011,5.428557544587922,-9.311020779590693,0,-0.25233409033560456,-0.12632642748863074,32.695798492524816,0.0,0.0009339704745202973,0.0,0.0,0.011,0.0,-9.311020779590693,0.0,5.428557544587922,0.0,0.0,0.0,-0.5534591194968642,-0.25233409033560456,-0.12632642748863074,-11.664804469273749,-0.37866051782423527,0.0,0.0,0.0,0.0,0.5177010489510501,0.0,0.0,0.5,0.0,0.8847571164651251,1,183,0.8847571164651251,NEUTRAL,,,,,,,,0.2435880249028109,0.19755512303270462,0.3630705409271063,1.3941488722403155,-0.11948251602429538,0.0,-0.5534591194968642,80.0,64.0,0.364,1.386,0.433,0.0,5.742,0.0,0.017287200000000003,-0.2023127999999999,15.478674424487732,22.033898305084733,28.58912218568174,37.92198330381988,22.002,17.0,0.0,1.0,0.0,impulse_5_down,wave_5_in_progress_down,down,fib_0.000,below,red,bearish,1.0,1.242356922055231,0.025300442757745477,0.0,0.0,0.0,0.0,0.0,1.0,-90.70000000000005,140.7,8.973291122084918,1.0,futures_oi,-0.0005483345321492,1.0,0.0,0.0,0.0,0.0,0.0,0.0,0.0,12.0,60.0,1.0
2026-07-19T20:49:04.657430+00:00,HYPERUSDT,0.0672,0.218,2.16112739556622,-3.0430612245368653,1,-4.000000000000015,-2.6086956521739273,36.611143034580365,0.0,-0.00018397808660284155,1.0,-1.0,0.218,0.0,-3.0430612245368653,0.0,2.16112739556622,0.0,1.0,0.0,-1.3215859030836976,-4.000000000000015,-2.6086956521739273,-3.030303030303037,-5.449275362318857,0.0,0.0,0.0,0.0,0.41358434846807013,0.0,0.0,0.5,0.0,0.8847571164651251,1,200,0.8847571164651251,NEUTRAL,,,,,,,,0.19982119803002252,0.31528353864945274,0.5196216208137844,0.8762478120755064,-0.31980042278376186,0.0,-1.3215859030836976,50.0,25.0,0.33793369638411364,0.0,0.0,0.0,0.113,69.22470238095232,0.05411220000000001,0.04701220000000002,1.6550595238095354,2.901785714285725,4.148511904761915,5.923511904761907,1.042,37.0,0.0,1.0,0.0,correction,none,down,fib_0.236,below,red,bullish,0.0,,,,,,,,,,,,,,,,,,,,,,,,,
2026-07-19T20:49:04.657430+00:00,GOOGLBUSDT,348.12,0.186,0.9045754047594683,-0.2547178076737814,1,0.31698461183794097,0.4530370797864646,40.53226750949027,0.0,0.24821754096638182,0.0,0.0,0.186,0.0,-0.2547178076737814,0.0,0.9045754047594683,0.0,1.0,0.0,0.15247849477833933,0.31698461183794097,0.4530370797864646,0.4762317083730127,0.18136204655155502,0.0,0.0,0.0,0.0,0.4849529082915992,0.0,0.0,0.5,0.0,0.8847571164651251,1,65,0.8847571164651251,NEUTRAL,,,,,,,,-0.06942474642806198,0.20591717249832608,0.3689241398541918,0.5573198903384236,-0.43834888628225377,0.0,0.15247849477833933,50.0,0.0,0.5,0.0,0.0,0.0,0.861,65.25373434447891,280.90634,243.03634,2.4492531311042183,3.732908192577274,5.016563254050329,6.844139951740785,0.0,50.0,0.0,0.0,0.0,none,none,down,fib_0.236,neutral,neutral,neutral,0.0,,,,,,,,,,,,,,,,,,,,,,,,,
2026-07-19T20:49:04.657430+00:00,WLFIUSDT,0.0576,0.272,1.1688924250881307,0.5893145840814815,1,1.4084507042253436,1.052631578947362,53.713358720192296,0.0,5.968624279397764e-05,0.0,0.0,0.272,0.0,0.5893145840814815,1.0,1.1688924250881307,0.0,1.0,0.0,-0.34602076124567266,1.4084507042253436,1.052631578947362,0.8756567425569186,1.7593278972077977,0.0,0.0,0.0,1.0,0.5618686868686833,0.0,0.0,0.5,0.0,0.8847571164651251,1,200,0.8847571164651251,NEUTRAL,,,,,,,,-0.37790987389023917,0.11061651179426643,0.13859037831351187,0.13054481003898644,-0.5165002522037511,0.0,-0.34602076124567266,90.0,72.0,0.127,1.108,0.784,0.0,0.087,98.26388888888884,0.06369219999999999,0.06659219999999999,0.5072916666666656,0.08680555555555805,0.6809027777777817,1.5267361111111153,2.734,47.0,0.0,0.0,1.0,impulse_5_down,wave_5_in_progress_down,up,fib_0.500,inside,red,bearish,0.0,,,,,,,,,,,,,,,,,,,,,,,,,
2026-07-19T20:49:04.657430+00:00,BRUSDT,0.15579,0.216,3.9399587818008017,2.890388624756829,0,0.23806459915069436,-8.552477107302183,55.58257989024331,0.0,0.00010488003551981226,0.0,0.0,0.216,0.0,2.890388624756829,1.0,3.9399587818008017,0.0,0.0,0.0,0.5096774193548471,0.23806459915069436,-8.552477107302183,3.309018567639272,9.007728839582725,1.0,0.0,1.0,0.0,0.3598049694759599,0.0,0.0,0.5,0.0,0.8847571164651251,1,200,0.8847571164651251,NEUTRAL,,,,,,,,0.6235164125028507,0.2520873921347259,0.14663064307285675,0.525495419606777,0.47688576942999394,0.0,0.5096774193548471,90.0,72.0,0.331,1.316,0.724,1.0,0.461,90.77655818730337,0.22944846000000002,0.26591846,0.46117209063483156,2.3011746581937254,5.063521407022282,8.996354066371397,0.26,67.0,1.0,0.0,0.0,impulse_5,wave_5_in_progress,up,fib_0.382,above,red,bullish,1.0,1.285522182861845,0.12857602057216694,0.0,0.0,0.0,0.0,0.0,1.0,36215.42000000001,11243.140000000001,0.0,0.0,unavailable,0.0,0.0,0.0,0.0,0.0,0.0,0.0,0.0,0.0,2.4074538846211264,16.0,0.0
2026-07-19T20:49:04.657430+00:00,ESPUSDT,0.07018,0.23,2.3142570997855145,-3.9769140448087783,0,-1.4048890137678942,-1.6949152542372725,40.88409500179677,0.0,-0.0005301989809708202,0.0,0.0,0.23,0.0,-3.9769140448087783,0.0,2.3142570997855145,0.0,0.0,0.0,-1.3910355486862316,-1.4048890137678942,-1.6949152542372725,-6.601011445302092,-1.110730167991172,1.0,0.0,0.0,0.0,0.28888888888888736,0.0,0.0,0.5,0.0,0.8847571164651251,1,200,0.8847571164651251,NEUTRAL,,,,,,,,-0.4570968569901008,0.14208787245708668,0.021650937410466257,0.04828469961582561,-0.47874779440056703,0.0,-1.3910355486862316,50.0,25.0,0.37361086744725996,0.0,0.0,0.0,0.857,82.85095468794549,0.09742176000000002,0.11074176000000004,0.8574522656027256,1.3821601595896444,3.6217725847819944,6.81037332573384,1.735,93.0,1.0,0.0,0.0,correction,none,up,fib_0.382,above,green,bullish,0.0,,,,,,,,,,,,,,,,,,,,,,,,,
2026-07-19T20:49:04.657430+00:00,SOXLBUSDT,130.0,0.09,4.146009591251454,-2.0220428123463368,1,-1.380670611439837,-2.78193239605145,33.78084105832069,0.0,1.2737032380902775,0.0,0.0,0.09,0.0,-2.0220428123463368,0.0,4.146009591251454,0.0,1.0,0.0,0.13094046060231648,-1.380670611439837,-2.78193239605145,-3.0429594272076463,0.040208838156338134,0.0,0.0,0.0,0.0,0.38203498781250533,1.0,0.0,0.5,0.0,0.8847571164651251,1,65,0.8847571164651251,NEUTRAL,,,,,,,,0.2849624854759716,0.45945414518773575,0.13410081925398354,0.6921496671398978,0.15086166622198804,0.0,0.13094046060231648,65.0,52.0,0.301,1.284,0.814,0.0,5.028,0.0,-17.493439999999964,-100.57343999999995,14.358892307692312,21.9,29.44110769230769,40.177600000000005,0.0,50.0,0.0,0.0,0.0,impulse_5_down,wave_5_in_progress_down,down,fib_0.236,neutral,neutral,neutral,0.0,,,,,,,,,,,,,,,,,,,,,,,,,
2026-07-19T20:49:04.657430+00:00,WCTUSDT,0.04138,0.192,1.709504300001357,-2.1480067002375693,0,-0.791177175737226,-1.1938872970391605,38.55356081560722,0.0,-5.3884325490321844e-05,0.0,-1.0,0.192,0.0,-2.1480067002375693,0.0,1.709504300001357,0.0,0.0,0.0,0.43689320388349423,-0.791177175737226,-1.1938872970391605,-3.453103126458241,-0.38525549474390347,0.0,0.0,0.0,0.0,0.49605654761904794,0.0,1.0,0.5,0.0,0.8847571164651251,1,200,0.8847571164651251,NEUTRAL,,,,,,,,0.11975724763559854,0.18946508548635485,0.5057430813740603,0.7598895461805087,-0.3859858337384618,0.0,0.43689320388349423,50.0,25.0,0.23450928431819762,0.0,0.0,0.0,1.129,62.681246979216986,0.03220640000000001,0.027006400000000014,2.963750604156603,4.446592556790723,5.929434509424843,8.040599323344615,1.299,22.0,0.0,1.0,0.0,correction,none,down,fib_0.236,below,red,bearish,0.0,,,,,,,,,,,,,,,,,,,,,,,,,
2026-07-19T20:49:04.657430+00:00,HOMEUSDT,0.00765,0.138,10.005773730662762,-7.513375332324294,0,-7.608695652173908,6.102635228848813,35.41857473938836,0.0,0.00020301705669506878,0.0,-1.0,0.138,0.0,-7.513375332324294,0.0,10.005773730662762,0.0,0.0,0.0,-1.9230769230769225,-7.608695652173908,6.102635228848813,-8.492822966507173,-22.449194958692615,0.0,0.0,0.0,0.0,0.4109977324263034,0.0,0.0,0.5,0.0,0.8847571164651251,1,200,0.8847571164651251,NEUTRAL,,,,,,,,-0.34898205491281514,0.20381694808391235,0.028322359918418773,0.247476128210233,-0.3773044148312339,0.0,-1.9230769230769225,65.0,52.0,0.252,2.058,0.884,1.0,11.373,0.0,-0.012004980000000004,-0.02361498,46.60156862745097,64.50980392156862,82.41803921568626,107.91450980392156,7.712,17.0,0.0,1.0,0.0,impulse_5,wave_5_in_progress,down,fib_0.000,below,red,bearish,1.0,1.3940028592149494,0.1308044473512046,0.0,0.0,0.0,0.0,0.0,1.0,228293.0,691407.0,-7.615614733078732,0.0,futures_oi,-0.0009022578932712,1.0,0.0,0.0,0.0,0.0,0.0,0.0,0.0,6.30845842373528,29.0,1.0
2026-07-19T20:49:04.657430+00:00,RECALLUSDT,0.03876,0.204,3.289945067815362,6.0992995583355025,0,0.9112210361885006,3.0029231995748233,70.4182615877416,0.0,0.00017196447886181558,0.0,1.0,0.204,0.0,6.0992995583355025,1.0,3.289945067815362,0.0,0.0,0.0,-0.38550501156514355,0.9112210361885006,3.0029231995748233,6.133625410733861,-1.161593207765799,1.0,0.0,1.0,0.0,0.31989519580392617,1.0,0.0,0.5,0.0,0.8847571164651251,1,200,0.8847571164651251,NEUTRAL,,,,,,,,-0.17954587324354002,0.18714557210667332,0.26895566635848855,0.7099712839334029,-0.44850153960202854,0.0,-0.38550501156514355,75.0,60.0,0.364,0.905,0.67,1.0,2.58,0.0,0.05364243999999999,0.06222243999999999,5.876057791537679,8.488132094943243,11.100206398348824,14.81909184726524,1.193,78.0,1.0,0.0,0.0,impulse_5,wave_5_in_progress,up,fib_0.000,above,green,bearish,0.0,,,,,,,,,,,,,,,,,,,,,,,,,
2026-07-19T20:49:04.657430+00:00,HBARUSDT,0.06653,0.151,0.9550906503357723,-0.03610989224227552,1,-0.2847721822541902,-0.8642527194158801,45.974106144239386,0.0,6.342472207416353e-05,0.0,-1.0,0.151,0.0,-0.03610989224227552,0.0,0.9550906503357723,0.0,1.0,0.0,0.13546056592415223,-0.2847721822541902,-0.8642527194158801,0.955993930197277,0.2963632670082169,0.0,0.0,0.0,1.0,0.44902107184338347,0.0,1.0,0.5,0.0,0.8847571164651251,1,200,0.8847571164651251,NEUTRAL,,,,,,,,0.5439011681878279,0.6641229207643653,0.6205669004052884,0.5825873265913495,-0.07666573221746054,0.0,0.13546056592415223,50.0,0.0,0.5,0.0,0.0,0.0,0.067,80.23688561551205,0.057567420000000015,0.05275742000000002,0.9881557192243978,1.8412746129565665,2.6943935066887144,3.909003457087014,3.01,17.0,0.0,1.0,0.0,none,none,down,fib_0.236,below,red,bearish,0.0,,,,,,,,,,,,,,,,,,,,,,,,,
2026-07-19T20:49:04.657430+00:00,BILLUSDT,0.02546,0.249,10.335430350535153,1.1352223642745112,1,-6.431459022418235,1.2326043737574601,41.12420690596366,0.0,0.0009369782063843738,0.0,-1.0,0.249,0.0,1.1352223642745112,1.0,10.335430350535153,0.0,1.0,0.0,1.031746031746031,-6.431459022418235,1.2326043737574601,9.599655617735683,-14.622313893193594,0.0,0.0,0.0,0.0,0.5046798702126409,0.0,0.0,0.5,0.0,0.8847571164651251,1,200,0.8847571164651251,NEUTRAL,,,,,,,,0.17503753194611976,0.46204910515006065,-0.19457186662789286,-2.358750753856532,0.36960939857401265,1.0,1.031746031746031,50.0,25.0,0.5305450599132823,0.0,0.0,0.0,14.69,0.0,-0.05288598,-0.09899597999999998,54.49340141398271,75.86410054988215,97.2347996857816,127.66087981146896,0.0,22.0,0.0,1.0,0.0,correction,none,down,fib_0.000,below,red,bearish,1.0,0.9672408411357762,0.07852375343541101,0.0,0.0,1.0,0.3,0.0,99.0,59062.09999999998,-495424.30000000005,49.543025034194926,1.0,futures_oi,5e-05,0.0,0.0,0.0,0.0,0.0,0.0,0.0,0.0,4.527537071569482,21.0,1.0
2026-07-19T20:49:04.657430+00:00,NBISBUSDT,178.18,0.176,2.6798631029087363,2.8194352946976395,1,2.461184588844164,3.755895883072275,46.40010415548895,0.0,1.7000469836671144,0.0,0.0,0.176,0.0,2.8194352946976395,1.0,2.6798631029087363,0.0,1.0,0.0,0.8318714277630009,2.461184588844164,3.755895883072275,-0.11771960311675518,1.197573105702013,0.0,0.0,0.0,0.0,0.6603147271557377,0.0,2.0,0.5,0.0,0.8847571164651251,1,65,0.8847571164651251,NEUTRAL,,,,,,,,-0.36757228154936844,0.10937593593337555,-0.16750696474274218,-0.6149738949884072,-0.20006531680662626,0.0,0.8318714277630009,65.0,52.0,0.314,0.948,0.718,0.0,1.123,0.0,61.73086000000002,0.0008600000000456021,3.934706476596704,8.022785946795384,12.110865416994047,17.931181950836233,0.0,50.0,0.0,0.0,0.0,impulse_5_down,wave_5_in_progress_down,down,fib_0.236,neutral,neutral,neutral,0.0,,,,,,,,,,,,,,,,,,,,,,,,,
2026-07-19T20:49:04.657430+00:00,GLWBUSDT,159.08,0.171,2.303447205803091,3.032791025089661,1,0.4927353126974106,5.785343795717527,45.79355798490117,0.0,1.9712777770794698,0.0,0.0,0.171,0.0,3.032791025089661,1.0,2.303447205803091,0.0,1.0,0.0,0.1132787916928929,0.4927353126974106,5.785343795717527,3.2651736449204805,-4.773922487541993,0.0,0.0,0.0,0.0,0.5576011585637574,0.0,0.0,0.5,0.0,0.8847571164651251,1,65,0.8847571164651251,NEUTRAL,,,,,,,,-0.2698655767829069,0.0720569785662681,-0.14047378712765807,-0.4095073180009646,-0.12939178965524883,0.0,0.1132787916928929,50.0,25.0,0.47843830759211325,0.0,0.0,0.0,0.247,0.0,68.52666,19.896660000000026,4.21590394769927,7.823107870253955,11.430311792808642,16.565991953733956,0.0,50.0,0.0,0.0,0.0,correction,none,down,fib_0.236,neutral,neutral,neutral,1.0,2.2393543000278315,0.21988377571854517,1.0,0.0,0.0,0.0,0.0,1.0,-7.619000000000028,-0.6990000000000007,0.0,0.0,unavailable,0.0,0.0,0.0,0.0,0.0,0.0,0.0,0.0,0.0,1.732515544670474,8.0,0.0
2026-07-19T20:49:04.657430+00:00,QCOMBUSDT,171.48,0.177,1.270744974854756,0.5822099807627059,1,0.29243186337583343,-0.15720524017467846,43.24213602866656,0.0,0.5522942582736343,0.0,0.0,0.177,0.0,0.5822099807627059,1.0,1.270744974854756,0.0,1.0,0.0,-0.011661807580180894,0.29243186337583343,-0.15720524017467846,-0.18045287851446667,0.7407579186887943,0.0,0.0,0.0,1.0,0.36127469022205355,0.0,0.0,0.5,0.0,0.8847571164651251,1,70,0.8847571164651251,NEUTRAL,,,,,,,,0.3536003388727146,0.7277075988695028,-0.17521058322501654,-0.26487396762273124,0.5288109220977311,0.0,-0.011661807580180894,50.0,0.0,0.5,0.0,0.0,0.0,0.611,69.00437368789356,120.13366,93.00366000000001,1.6991252624212865,3.5660135292745565,5.432901796127827,8.090844413342662,0.0,50.0,0.0,0.0,0.0,none,none,down,fib_0.236,neutral,neutral,neutral,0.0,,,,,,,,,,,,,,,,,,,,,,,,,
2026-07-19T20:49:04.657430+00:00,CBRSBUSDT,169.6,0.189,2.2883440502915313,-1.9010182939806446,1,-1.5613210284984607,0.3134796238244521,33.44200326689766,1.0,0.8515200403046581,1.0,0.0,0.189,0.0,-1.9010182939806446,0.0,2.2883440502915313,0.0,1.0,0.0,-0.041256556845637525,-1.5613210284984607,0.3134796238244521,-1.3609398627428193,-3.4658576109790893,0.0,0.0,0.0,0.0,0.43157894736841784,0.0,0.0,0.5,0.0,0.8847571164651251,1,65,0.8847571164651251,NEUTRAL,,,,,,,,-0.5157674339617326,0.18741735788953698,-0.2349719110290033,-0.713889146067097,-0.28079552293272936,0.0,-0.041256556845637525,50.0,25.0,0.44792824352281163,0.0,0.0,0.0,3.336,0.0,76.75566,23.62566000000001,7.9101768867924545,11.606721698113208,15.303266509433962,20.566143867924527,0.0,50.0,0.0,0.0,0.0,correction,none,down,fib_0.236,neutral,neutral,neutral,0.0,,,,,,,,,,,,,,,,,,,,,,,,,
2026-07-19T20:49:04.657430+00:00,SPYBUSDT,745.85,0.238,0.4114372597532138,0.014239690353094032,1,-0.042885669485497456,0.13559959185865297,44.9284304934311,0.0,0.3435763814246031,0.0,0.0,0.238,0.0,0.014239690353094032,1.0,0.4114372597532138,0.0,1.0,0.0,-0.002681432421196966,-0.042885669485497456,0.13559959185865297,0.2378776475647755,-0.22144750826965612,0.0,0.0,0.0,1.0,0.2717750053370567,0.0,0.0,0.5,0.0,0.8847571164651251,1,70,0.8847571164651251,NEUTRAL,,,,,,,,-0.09923521148384548,0.15925300357250294,0.29871981195853436,0.08248516676487727,-0.3979550234423799,0.0,-0.002681432421196966,50.0,0.0,0.5,0.0,0.0,0.0,0.025,93.79591070590594,713.9036600000001,696.7736600000001,0.310204464704703,0.58121606221089,0.8522276597170921,1.2380746798954112,0.0,50.0,0.0,0.0,0.0,none,none,down,fib_0.236,neutral,neutral,neutral,0.0,,,,,,,,,,,,,,,,,,,,,,,,,
2026-07-19T20:49:04.657430+00:00,XLMUSDT,0.1914,0.112,1.5490850772778726,2.4103253566296683,1,1.7003188097768227,1.9169329073482386,62.88763687073535,0.0,0.0005547143373482868,0.0,0.0,0.112,0.0,2.4103253566296683,1.0,1.5490850772778726,0.0,1.0,0.0,0.36706869428420474,1.7003188097768227,1.9169329073482386,3.1805929919137403,1.4873262645159007,0.0,1.0,0.0,0.0,0.578294573643405,0.0,0.0,0.5,0.0,0.8847571164651251,1,200,0.8847571164651251,NEUTRAL,,,,,,,,-0.06439342406121733,0.505481236875231,0.5667532142885928,0.8498269012229769,-0.6311466383498101,0.0,0.36706869428420474,50.0,25.0,0.5329948116148147,0.0,0.0,0.0,0.94,66.93416927899692,0.21795540000000002,0.23325540000000003,2.1131661442006173,3.0564263322883987,3.9996865203761645,5.342633228840115,2.025,52.0,1.0,0.0,0.0,correction,none,up,fib_0.000,above,red,bearish,0.0,,,,,,,,,,,,,,,,,,,,,,,,,
2026-07-19T20:49:04.657430+00:00,GROVEUSDT,0.01221,0.203,5.392465308722085,-4.73233626146085,1,-0.5376344086021512,-0.8365142532282867,27.32541970294315,1.0,0.0001881483458721037,1.0,0.0,0.203,0.0,-4.73233626146085,0.0,5.392465308722085,0.0,1.0,0.0,0.09837678307919213,-0.5376344086021512,-0.8365142532282867,-3.4324580828851654,-0.23713899724830695,0.0,0.0,0.0,0.0,0.2393334650971585,0.0,0.0,0.5,0.0,0.8847571164651251,1,70,0.8847571164651251,NEUTRAL,,,,,,,,-0.16288831455883543,0.08036137771065073,-0.1384651276738255,-0.7103745521934213,-0.02442318688500994,0.0,0.09837678307919213,50.0,25.0,0.3784052711962536,0.0,0.0,0.0,2.563,0.0,-0.005389712000000003,-0.016073712000000004,30.86230958230958,41.18755118755119,51.51279279279281,66.21313677313677,0.0,50.0,0.0,0.0,0.0,correction,none,down,fib_0.000,neutral,neutral,neutral,1.0,1.9805407590937512,0.032743942370665774,1.0,0.0,0.0,0.0,0.0,1.0,542826.2000000004,407715.80000000005,0.0,0.0,unavailable,0.0,0.0,0.0,0.0,0.0,0.0,0.0,0.0,0.0,1.318615251856497,8.0,0.0
2026-07-19T20:49:04.657430+00:00,FDUSDUSDT,0.9986,0.055,0.036409394697631464,0.04659354847901422,0,0.05009518084360845,0.06012024048096643,67.83304771644485,0.0,6.733235582436674e-05,0.0,0.0,0.055,0.0,0.04659354847901422,1.0,0.036409394697631464,0.0,0.0,1.0,0.010015022533799598,0.05009518084360845,0.06012024048096643,0.07014730934963763,0.04007514076344923,0.0,0.0,0.0,1.0,0.5320512820513007,0.0,1.0,0.5,0.0,0.8847571164651251,1,200,0.8847571164651251,NEUTRAL,,,,,,,,-0.0019528508062515936,0.0329668118295909,0.24835938655385348,0.006480825069454561,-0.25031223736010505,0.0,0.010015022533799598,50.0,0.0,0.5,0.0,0.0,0.0,0.005,99.89865812137012,1.0020505999999998,1.0037505999999998,0.005067093931494164,0.01502102944121605,0.03510915281393738,0.06370919287001559,0.01,52.0,1.0,0.0,0.0,none,none,up,fib_0.382,above,red,bearish,0.0,,,,,,,,,,,,,,,,,,,,,,,,,
2026-07-19T20:49:04.657430+00:00,VVVUSDT,11.497,0.183,3.1726729678027783,2.559928168144932,0,-1.693031209918772,-2.896959459459459,54.149198173012635,-1.0,0.010595075555828781,0.0,0.0,0.183,0.0,2.559928168144932,1.0,3.1726729678027783,0.0,0.0,0.0,0.6566275608474811,-1.693031209918772,-2.896959459459459,2.7435210008936584,-0.4683690477566136,0.0,0.0,1.0,0.0,0.48887370654052653,0.0,1.0,0.5,0.0,0.8847571164651251,1,200,0.8847571164651251,NEUTRAL,,,,,,,,0.5521231831274644,0.6984571435721956,0.4621479923089937,1.5632626973778663,0.08997519081847072,0.0,0.6566275608474811,95.0,76.0,0.347,1.523,0.77,0.0,0.17,64.26715664956069,15.628723999999998,17.846724,2.6465686700878623,4.923023397408026,7.19947812472819,10.440532312777261,2.007,67.0,1.0,0.0,0.0,impulse_5_down,wave_5_in_progress_down,up,fib_0.236,above,red,bullish,0.0,,,,,,,,,,,,,,,,,,,,,,,,,
2026-07-19T20:49:04.657430+00:00,GUSDT,0.00346,0.282,6.577202236637575,-5.160083605093687,0,-9.895833333333337,1.1695906432748568,50.423881409768725,0.0,1.4699776915179721e-05,-1.0,1.0,0.282,0.0,-5.160083605093687,0.0,6.577202236637575,1.0,0.0,0.0,0.0,-9.895833333333337,1.1695906432748568,2.6706231454005875,-22.17653508771931,1.0,0.0,0.0,0.0,0.3554355850867478,1.0,0.0,0.5,0.0,0.8847571164651251,1,200,0.8847571164651251,NEUTRAL,,,,,,,,-0.23484593044968347,0.0013708929220801675,0.19318122351637393,0.6899422613547188,-0.4280271539660574,0.0,0.0,50.0,25.0,0.21411811978000989,0.0,0.0,0.0,2.873,0.0,0.0005003000000000008,-0.0011496999999999983,9.835260115606935,15.46242774566475,21.089595375722524,29.101156069364144,1.012,58.0,0.0,1.0,0.0,correction,none,down,fib_0.236,below,green,bullish,1.0,1.356183539332248,0.5797101449275378,0.0,0.0,0.0,0.0,0.0,1.0,-1003574.0,530508.0,-19.996214124576326,0.0,spot_volume_proxy,0.0,0.0,0.0,0.0,0.0,0.0,0.0,0.0,0.0,2.8372741664254075,12.0,0.0
2026-07-19T20:49:04.657430+00:00,ZEREBROUSDT,0.043186,0.199,3.308622407568963,24.71006446182497,0,13.707214323328074,27.48634686346863,82.86967518819607,1.0,0.001164006883175099,1.0,0.0,0.199,0.0,24.71006446182497,1.0,3.308622407568963,1.0,0.0,1.0,-0.18028846153844938,13.707214323328074,27.48634686346863,29.39237775647171,1.5891331425162747,0.0,0.0,1.0,0.0,0.6879225100880697,0.0,0.0,0.5,0.0,0.8847571164651251,1,200,0.8847571164651251,NEUTRAL,,,,,,,,-0.4859243670586189,-0.12312062551816874,0.04217093940311791,0.17291876128605801,-0.5280953064617369,0.0,-0.18028846153844938,50.0,25.0,0.44266119355369576,0.0,0.0,0.0,0.94,0.0,0.061721689999999996,0.07292668999999999,8.97121752419767,12.032834714953935,15.094451905710185,19.453364516278437,6.505,62.0,1.0,0.0,0.0,correction,none,up,fib_0.000,above,red,bullish,1.0,1.2674744258718789,0.34070760565992114,0.0,0.0,0.0,0.0,0.0,1.0,-15387.0,84819.0,0.0,0.0,unavailable,0.0,0.0,0.0,0.0,0.0,0.0,0.0,0.0,0.0,4.2194289583090905,26.0,1.0
